unit_price,product_name_lenght,product_description_lenght,product_photos_qty,product_weight_g,product_score,customers,weekday,weekend,holiday,month,year,volume,avg_comp_price,min_comp_price,avg_comp_score,price_vs_avg_comp,price_vs_min_comp,price_score,price_volume,product_id_enc,product_category_enc,qty
45.95,39,161,2,350,4.0,57,23,8,1,5,2017,3800,116.94999999999999,45.95,4.1000000000000005,-70.99999999999999,0.0,183.8,174610.0,0,0,1
45.95,39,161,2,350,4.0,61,22,8,1,6,2017,3800,114.94999999999999,45.95,4.1000000000000005,-68.99999999999999,0.0,183.8,174610.0,0,0,3
45.95,39,161,2,350,4.0,123,21,10,1,7,2017,3800,113.61666666666666,45.95,4.1000000000000005,-67.66666666666666,0.0,183.8,174610.0,0,0,6
45.95,39,161,2,350,4.0,90,23,8,1,8,2017,3800,111.78660130000002,45.95,4.1000000000000005,-65.83660130000001,0.0,183.8,174610.0,0,0,4
45.95,39,161,2,350,4.0,54,21,9,1,9,2017,3800,99.7495699,45.95,4.1000000000000005,-53.799569899999995,0.0,183.8,174610.0,0,0,2
45.95,39,161,2,350,4.0,50,22,9,2,10,2017,3800,60.6,45.95,3.966666666666667,-14.649999999999999,0.0,183.8,174610.0,0,0,3
40.53181818,39,161,2,350,4.0,97,22,8,4,11,2017,3800,56.98787878666667,40.53181818,3.966666666666667,-16.456060606666668,0.0,162.12727272,154020.909084,0,0,11
39.99,39,161,2,350,4.0,41,21,10,1,12,2017,3800,56.15607843000001,39.99,3.966666666666667,-16.166078430000006,0.0,159.96,151962.0,0,0,6
39.99,39,161,2,350,4.0,62,23,8,2,1,2018,3800,55.62666666666667,39.99,3.966666666666667,-15.63666666666667,0.0,159.96,151962.0,0,0,19
39.99,39,161,2,350,4.0,62,20,8,2,2,2018,3800,55.62666666666667,39.99,3.966666666666667,-15.63666666666667,0.0,159.96,151962.0,0,0,18
39.99,39,161,2,350,4.0,43,22,9,1,3,2018,3800,55.62666666666667,39.99,3.966666666666667,-15.63666666666667,0.0,159.96,151962.0,0,0,17
39.99,39,161,2,350,4.0,34,21,9,1,4,2018,3800,55.00833333333333,39.99,3.966666666666667,-15.01833333333333,0.0,159.96,151962.0,0,0,13
39.99,39,161,2,350,4.0,57,23,8,3,5,2018,3800,54.54320512666667,39.99,3.966666666666667,-14.553205126666668,0.0,159.96,151962.0,0,0,19
39.99,39,161,2,350,4.0,43,21,9,0,6,2018,3800,53.293333333333344,39.99,3.966666666666667,-13.303333333333342,0.0,159.96,151962.0,0,0,5
39.99,39,161,2,350,4.0,26,22,9,1,7,2018,3800,52.63777777666667,39.99,3.966666666666667,-12.647777776666665,0.0,159.96,151962.0,0,0,8
39.24,39,161,2,350,4.0,15,23,8,1,8,2018,3800,50.826666666666675,39.24,3.966666666666667,-11.586666666666673,0.0,156.96,149112.0,0,0,8
69.9,36,450,1,9000,4.1,21,23,8,1,3,2017,19656,69.9,69.9,4.1,0.0,0.0,286.59,1373954.4000000001,27,5,6
82.63333333,36,450,1,9000,4.1,17,20,10,2,4,2017,19656,82.63333333,82.63333333,4.1,0.0,0.0,338.796666653,1624240.7999344799,27,5,3
97.58823529,36,450,1,9000,4.1,34,23,8,1,5,2017,19656,72.46274509666667,59.9,4.133333333333334,25.125490193333334,37.68823529,400.111764689,1918194.35286024,27,5,20
89.0,36,450,1,9000,4.1,26,22,8,1,6,2017,19656,69.60000000000001,59.9,4.133333333333334,19.39999999999999,29.1,364.9,1749384.0,27,5,8
89.0,36,450,1,9000,4.1,74,21,10,1,7,2017,19656,59.9,59.9,4.133333333333334,29.1,29.1,364.9,1749384.0,27,5,10
97.33333333,36,450,1,9000,4.1,113,23,8,1,8,2017,19656,59.9,59.9,4.133333333333334,37.43333333,37.43333333,399.06666665299997,1913183.99993448,27,5,7
99.0,36,450,1,9000,4.1,115,21,9,1,9,2017,19656,59.9,59.9,4.133333333333334,39.1,39.1,405.9,1945944.0,27,5,9
99.0,36,450,1,9000,4.1,146,22,9,2,10,2017,19656,59.9,59.9,4.133333333333334,39.1,39.1,405.9,1945944.0,27,5,14
99.0,36,450,1,9000,4.1,339,22,8,4,11,2017,19656,53.28031332666666,52.40694444,4.133333333333334,45.71968667333334,46.59305556,405.9,1945944.0,27,5,17
99.0,36,450,1,9000,4.1,184,21,10,1,12,2017,19656,55.425000000000004,55.1,4.133333333333334,43.574999999999996,43.9,405.9,1945944.0,27,5,11
99.5,36,450,1,9000,4.1,137,23,8,2,1,2018,19656,49.9,49.9,4.133333333333334,49.6,49.6,407.95,1955772.0,27,5,4
101.0,36,450,1,9000,4.1,160,20,8,2,2,2018,19656,50.60076805,50.35714286,4.133333333333334,50.39923195,50.64285714,414.09999999999997,1985256.0,27,5,2
101.0,36,450,1,9000,4.1,116,22,9,1,3,2018,19656,53.9,53.9,4.133333333333334,47.1,47.1,414.09999999999997,1985256.0,27,5,1
101.0,36,450,1,9000,4.1,111,21,9,1,4,2018,19656,53.9,53.9,4.133333333333334,47.1,47.1,414.09999999999997,1985256.0,27,5,1
19.9,49,100,4,150,4.2,13,21,10,1,7,2017,2304,19.9,19.9,4.1000000000000005,0.0,0.0,83.58,45849.6,11,2,13
19.9,49,100,4,150,4.2,33,23,8,1,8,2017,2304,19.9,19.9,4.1000000000000005,0.0,0.0,83.58,45849.6,11,2,24
19.9,49,100,4,150,4.2,17,21,9,1,9,2017,2304,19.9,19.9,4.1000000000000005,0.0,0.0,83.58,45849.6,11,2,9
21.54285714,49,100,4,150,4.2,38,22,9,2,10,2017,2304,21.250793650000002,20.66666667,4.1000000000000005,0.29206348999999676,0.8761904699999974,90.479999988,49634.74285056,11,2,28
24.5,49,100,4,150,4.2,49,22,8,4,11,2017,2304,24.5,24.5,4.1000000000000005,0.0,0.0,102.9,56448.0,11,2,28
24.5,49,100,4,150,4.2,30,21,10,1,12,2017,2304,24.5,24.5,4.1000000000000005,0.0,0.0,102.9,56448.0,11,2,16
32.5,49,100,4,150,4.2,6,20,8,2,2,2018,2304,32.5,32.5,4.1000000000000005,0.0,0.0,136.5,74880.0,11,2,5
32.5,49,100,4,150,4.2,13,22,9,1,3,2018,2304,32.58095238,32.5,4.1000000000000005,-0.08095237999999938,0.0,136.5,74880.0,11,2,6
35.05714286,49,100,4,150,4.2,13,21,9,1,4,2018,2304,34.77142857333333,34.2,4.1000000000000005,0.28571428666666776,0.8571428599999962,147.240000012,80771.65714944,11,2,7
36.2,49,100,4,150,4.2,3,23,8,3,5,2018,2304,36.2,36.2,4.2,0.0,0.0,152.04000000000002,83404.8,11,2,3
36.2,49,100,4,150,4.2,2,21,9,0,6,2018,2304,36.2,36.2,4.2,0.0,0.0,152.04000000000002,83404.8,11,2,2
36.2,49,100,4,150,4.2,1,22,9,1,7,2018,2304,36.2,36.2,4.2,0.0,0.0,152.04000000000002,83404.8,11,2,1
59.9,57,339,2,1800,4.2,17,20,10,2,4,2017,32560,59.9,59.9,4.2,0.0,0.0,251.58,1950344.0,29,5,1
59.9,57,339,2,1800,4.2,34,23,8,1,5,2017,32560,59.9,59.9,4.166666666666667,0.0,0.0,251.58,1950344.0,29,5,1
59.9,57,339,2,1800,4.2,74,21,10,1,7,2017,32560,59.9,59.9,4.133333333333334,0.0,0.0,251.58,1950344.0,29,5,4
59.9,57,339,2,1800,4.2,113,23,8,1,8,2017,32560,59.9,59.9,4.133333333333334,0.0,0.0,251.58,1950344.0,29,5,6
59.9,57,339,2,1800,4.2,115,21,9,1,9,2017,32560,59.9,59.9,4.133333333333334,0.0,0.0,251.58,1950344.0,29,5,5
59.9,57,339,2,1800,4.2,146,22,9,2,10,2017,32560,59.9,59.9,4.133333333333334,0.0,0.0,251.58,1950344.0,29,5,11
51.32222222,57,339,2,1800,4.2,339,22,8,4,11,2017,32560,53.28031332666666,52.40694444,4.133333333333334,-1.9580911066666573,-1.0847222199999962,215.55333332400002,1671051.5554832001,29,5,20
56.97777778,57,339,2,1800,4.2,184,21,10,1,12,2017,32560,55.425000000000004,55.1,4.133333333333334,1.5527777799999924,1.8777777799999953,239.306666676,1855196.4445167999,29,5,10
49.9,57,339,2,1800,4.2,137,23,8,2,1,2018,32560,49.9,49.9,4.133333333333334,0.0,0.0,209.58,1624744.0,29,5,11
51.4,57,339,2,1800,4.2,160,20,8,2,2,2018,32560,50.60076805,50.35714286,4.133333333333334,0.7992319499999994,1.0428571399999953,215.88,1673584.0,29,5,8
53.9,57,339,2,1800,4.2,116,22,9,1,3,2018,32560,53.9,53.9,4.133333333333334,0.0,0.0,226.38,1754984.0,29,5,3
53.9,57,339,2,1800,4.2,111,21,9,1,4,2018,32560,53.9,53.9,4.133333333333334,0.0,0.0,226.38,1754984.0,29,5,8
52.9,57,339,2,1800,4.2,102,23,8,3,5,2018,32560,53.39419002333333,53.05789474,4.133333333333334,-0.4941900233333314,-0.15789474000000325,222.18,1722424.0,29,5,9
49.9,57,339,2,1800,4.2,58,21,9,0,6,2018,32560,49.9,49.9,4.133333333333334,0.0,0.0,209.58,1624744.0,29,5,5
49.9,57,339,2,1800,4.2,54,22,9,1,7,2018,32560,49.903333333333336,49.9,4.133333333333334,-0.003333333333337407,0.0,209.58,1624744.0,29,5,6
49.9,57,339,2,1800,4.2,46,23,8,1,8,2018,32560,49.903333333333336,49.9,4.133333333333334,-0.003333333333337407,0.0,209.58,1624744.0,29,5,7
19.99,48,575,1,100,4.3,19,20,8,2,2,2017,4500,34.99,19.99,4.166666666666667,-15.000000000000004,0.0,85.957,89955.0,41,6,11
19.99,48,575,1,100,4.3,25,23,8,1,3,2017,4500,58.32333333333332,19.99,4.1,-38.33333333333333,0.0,85.957,89955.0,41,6,9
19.99,48,575,1,100,4.3,23,20,10,2,4,2017,4500,34.99,19.99,4.166666666666667,-15.000000000000004,0.0,85.957,89955.0,41,6,13
19.99,48,575,1,100,4.3,41,23,8,1,5,2017,4500,58.32333333333332,19.99,4.1,-38.33333333333333,0.0,85.957,89955.0,41,6,16
19.99,48,575,1,100,4.3,53,22,8,1,6,2017,4500,56.25984127,19.99,4.1,-36.26984127,0.0,85.957,89955.0,41,6,21
19.99,48,575,1,100,4.3,61,21,10,1,7,2017,4500,56.41222222333332,19.99,4.1,-36.42222222333332,0.0,85.957,89955.0,41,6,29
23.39740741,48,575,1,100,4.3,82,23,8,1,8,2017,4500,57.45913580333333,23.39740741,4.1,-34.06172839333333,0.0,100.608851863,105288.33334499999,41,6,28
23.99,48,575,1,100,4.3,89,21,9,1,9,2017,4500,57.656666666666666,23.99,4.1,-33.66666666666667,0.0,103.15699999999998,107955.0,41,6,24
23.99,48,575,1,100,4.3,81,22,9,2,10,2017,4500,57.656666666666666,23.99,4.1,-33.66666666666667,0.0,103.15699999999998,107955.0,41,6,27
23.99,48,575,1,100,4.3,139,22,8,4,11,2017,4500,57.656666666666666,23.99,4.1,-33.66666666666667,0.0,103.15699999999998,107955.0,41,6,28
23.99,48,575,1,100,4.3,112,21,10,1,12,2017,4500,57.656666666666666,23.99,4.1,-33.66666666666667,0.0,103.15699999999998,107955.0,41,6,19
23.99,48,575,1,100,4.3,98,23,8,2,1,2018,4500,57.656666666666666,23.99,4.1,-33.66666666666667,0.0,103.15699999999998,107955.0,41,6,19
23.99,48,575,1,100,4.3,126,20,8,2,2,2018,4500,57.656666666666666,23.99,4.1,-33.66666666666667,0.0,103.15699999999998,107955.0,41,6,14
23.99,48,575,1,100,4.3,169,22,9,1,3,2018,4500,55.57333333333333,23.99,4.1,-31.583333333333332,0.0,103.15699999999998,107955.0,41,6,8
23.99,48,575,1,100,4.3,159,23,8,3,5,2018,4500,54.32333333333333,23.99,4.1,-30.333333333333332,0.0,103.15699999999998,107955.0,41,6,7
23.99,48,575,1,100,4.3,131,21,9,0,6,2018,4500,54.32333333333333,23.99,4.1,-30.333333333333332,0.0,103.15699999999998,107955.0,41,6,3
23.99,48,575,1,100,4.3,113,22,9,1,7,2018,4500,54.32333333333333,23.99,4.1,-30.333333333333332,0.0,103.15699999999998,107955.0,41,6,3
23.99,48,575,1,100,4.3,127,23,8,1,8,2018,4500,55.26714285666666,23.99,4.1,-31.27714285666666,0.0,103.15699999999998,107955.0,41,6,2
134.99,40,1456,1,2425,3.8,42,21,10,1,7,2017,16530,121.65666666666668,99.99,4.1000000000000005,13.333333333333329,35.000000000000014,512.962,2231384.7,16,3,1
134.99,40,1456,1,2425,3.8,39,23,8,1,8,2017,16530,117.30250000000001,99.99,4.1000000000000005,17.6875,35.000000000000014,512.962,2231384.7,16,3,1
146.99,40,1456,1,2425,3.8,33,22,9,2,10,2017,16530,122.32333333333334,99.99,4.1000000000000005,24.66666666666667,47.000000000000014,558.562,2429744.7,16,3,12
157.3603704,40,1456,1,2425,3.8,42,22,8,4,11,2017,16530,129.1134568,99.99,4.1000000000000005,28.2469136,57.3703704,597.96940752,2601166.922712,16,3,27
166.99,40,1456,1,2425,3.8,38,21,10,1,12,2017,16530,132.32333333333335,99.99,4.1000000000000005,34.66666666666666,67.00000000000001,634.562,2760344.7,16,3,29
166.99,40,1456,1,2425,3.8,102,23,8,2,1,2018,16530,86.49333333333334,29.5,4.3,80.49666666666667,137.49,634.562,2760344.7,16,3,13
176.99,40,1456,1,2425,3.8,20,20,8,2,2,2018,16530,135.65666666666667,99.99,4.1000000000000005,41.33333333333334,77.00000000000001,672.562,2925644.7,16,3,8
173.8081818,40,1456,1,2425,3.8,45,22,9,1,3,2018,16530,88.32666666666667,35.0,4.3,85.48151513333333,138.8081818,660.47109084,2873049.245154,16,3,11
169.99,40,1456,1,2425,3.8,18,21,9,1,4,2018,16530,84.95111111,35.0,4.3,85.03888889000001,134.99,645.962,2809934.7,16,3,6
110.99,50,1257,1,700,4.1,98,23,8,2,1,2018,5700,57.656666666666666,23.99,4.1,53.33333333333333,87.0,455.0589999999999,632643.0,35,6,1
110.99,50,1257,1,700,4.1,126,20,8,2,2,2018,5700,57.656666666666666,23.99,4.1,53.33333333333333,87.0,455.0589999999999,632643.0,35,6,2
110.99,50,1257,1,700,4.1,169,22,9,1,3,2018,5700,55.57333333333333,23.99,4.1,55.416666666666664,87.0,455.0589999999999,632643.0,35,6,9
116.5284615,50,1257,1,700,4.1,118,21,9,1,4,2018,5700,85.16948716666667,58.99,4.033333333333333,31.358974333333336,57.538461500000004,477.76669215,664212.23055,35,6,13
119.99,50,1257,1,700,4.1,159,23,8,3,5,2018,5700,54.32333333333333,23.99,4.1,65.66666666666666,96.0,491.95899999999995,683943.0,35,6,23
122.99,50,1257,1,700,4.1,131,21,9,0,6,2018,5700,54.32333333333333,23.99,4.1,68.66666666666666,99.0,504.25899999999996,701043.0,35,6,43
122.99,50,1257,1,700,4.1,113,22,9,1,7,2018,5700,54.32333333333333,23.99,4.1,68.66666666666666,99.0,504.25899999999996,701043.0,35,6,33
122.99,50,1257,1,700,4.1,127,23,8,1,8,2018,5700,55.26714285666666,23.99,4.1,67.72285714333333,99.0,504.25899999999996,701043.0,35,6,32
56.99,54,1536,2,250,4.3,4,22,8,1,6,2017,3360,56.99,56.99,4.3,0.0,0.0,245.057,191486.4,42,7,4
56.99,54,1536,2,250,4.3,7,21,10,1,7,2017,3360,56.99,56.99,4.3,0.0,0.0,245.057,191486.4,42,7,7
56.99,54,1536,2,250,4.3,8,23,8,1,8,2017,3360,85.49333333333334,56.99,4.333333333333333,-28.503333333333337,0.0,245.057,191486.4,42,7,7
56.99,54,1536,2,250,4.3,18,21,9,1,9,2017,3360,85.49333333333334,56.99,4.333333333333333,-28.503333333333337,0.0,245.057,191486.4,42,7,17
56.99,54,1536,2,250,4.3,19,22,9,2,10,2017,3360,85.49333333333334,56.99,4.333333333333333,-28.503333333333337,0.0,245.057,191486.4,42,7,17
56.99,54,1536,2,250,4.3,27,22,8,4,11,2017,3360,77.34333333333333,56.99,4.333333333333333,-20.35333333333333,0.0,245.057,191486.4,42,7,20
56.99,54,1536,2,250,4.3,34,21,10,1,12,2017,3360,77.32666666666667,56.99,4.333333333333333,-20.336666666666666,0.0,245.057,191486.4,42,7,24
56.99,54,1536,2,250,4.3,15,23,8,2,1,2018,3360,77.29333333333334,56.99,4.333333333333333,-20.303333333333335,0.0,245.057,191486.4,42,7,10
56.99,54,1536,2,250,4.3,12,20,8,2,2,2018,3360,77.28962963333333,56.99,4.333333333333333,-20.299629633333332,0.0,245.057,191486.4,42,7,4
50.49,54,1536,2,250,4.3,18,22,9,1,3,2018,3360,72.89333333333333,50.49,4.333333333333333,-22.40333333333333,0.0,217.107,169646.4,42,7,14
49.99,54,1536,2,250,4.3,10,21,9,1,4,2018,3360,72.65166666666667,49.99,4.333333333333333,-22.66166666666667,0.0,214.957,167966.4,42,7,2
49.99,54,1536,2,250,4.3,13,22,9,1,7,2018,3360,72.89333333333333,49.99,4.333333333333333,-22.90333333333333,0.0,214.957,167966.4,42,7,8
49.99,54,1536,2,250,4.3,19,23,8,1,8,2018,3360,72.29555556666666,49.99,4.333333333333333,-22.305555566666662,0.0,214.957,167966.4,42,7,4
99.99,54,995,1,4475,4.3,33,20,10,2,4,2017,32736,109.99000000000001,99.99,4.266666666666667,-10.000000000000014,0.0,429.95699999999994,3273272.6399999997,17,3,2
99.99,54,995,1,4475,4.3,58,23,8,1,5,2017,32736,109.99000000000001,99.99,4.266666666666667,-10.000000000000014,0.0,429.95699999999994,3273272.6399999997,17,3,18
99.99,54,995,1,4475,4.3,42,22,8,1,6,2017,32736,109.99000000000001,99.99,4.266666666666667,-10.000000000000014,0.0,429.95699999999994,3273272.6399999997,17,3,11
99.99,54,995,1,4475,4.3,42,21,10,1,7,2017,32736,109.99000000000001,99.99,4.266666666666667,-10.000000000000014,0.0,429.95699999999994,3273272.6399999997,17,3,14
99.99,54,995,1,4475,4.3,39,23,8,1,8,2017,32736,105.63583333333332,99.99,4.266666666666667,-5.645833333333329,0.0,429.95699999999994,3273272.6399999997,17,3,8
99.99,54,995,1,4475,4.3,10,21,9,1,9,2017,32736,76.49333333333333,29.5,4.3,23.49666666666667,70.49,429.95699999999994,3273272.6399999997,17,3,6
99.99,54,995,1,4475,4.3,33,22,9,2,10,2017,32736,106.65666666666665,99.99,4.266666666666667,-6.666666666666657,0.0,429.95699999999994,3273272.6399999997,17,3,9
99.99,54,995,1,4475,4.3,42,22,8,4,11,2017,32736,109.99000000000001,99.99,4.266666666666667,-10.000000000000014,0.0,429.95699999999994,3273272.6399999997,17,3,2
99.99,54,995,1,4475,4.3,38,21,10,1,12,2017,32736,109.99000000000001,99.99,4.266666666666667,-10.000000000000014,0.0,429.95699999999994,3273272.6399999997,17,3,3
99.99,54,995,1,4475,4.3,102,23,8,2,1,2018,32736,86.49333333333334,29.5,4.3,13.496666666666655,70.49,429.95699999999994,3273272.6399999997,17,3,6
99.99,54,995,1,4475,4.3,20,20,8,2,2,2018,32736,109.99000000000001,99.99,4.266666666666667,-10.000000000000014,0.0,429.95699999999994,3273272.6399999997,17,3,9
97.952,54,995,1,4475,4.3,45,22,9,1,3,2018,32736,88.32666666666667,35.0,4.3,9.62533333333333,62.952,421.19359999999995,3206556.672,17,3,5
84.6925,54,995,1,4475,4.3,18,21,9,1,4,2018,32736,84.95111111,35.0,4.3,-0.2586111100000039,49.692499999999995,364.17774999999995,2772493.6799999997,17,3,4
89.99,59,492,3,250,4.1,25,23,8,1,3,2017,3960,58.32333333333332,19.99,4.1,31.66666666666667,70.0,368.95899999999995,356360.39999999997,40,6,6
89.99,59,492,3,250,4.1,41,23,8,1,5,2017,3960,58.32333333333332,19.99,4.1,31.66666666666667,70.0,368.95899999999995,356360.39999999997,40,6,6
89.99,59,492,3,250,4.1,53,22,8,1,6,2017,3960,56.25984127,19.99,4.1,33.73015872999999,70.0,368.95899999999995,356360.39999999997,40,6,9
89.99,59,492,3,250,4.1,61,21,10,1,7,2017,3960,56.41222222333332,19.99,4.1,33.57777777666667,70.0,368.95899999999995,356360.39999999997,40,6,17
89.99,59,492,3,250,4.1,82,23,8,1,8,2017,3960,57.45913580333333,23.39740741,4.1,32.53086419666666,66.59259259,368.95899999999995,356360.39999999997,40,6,18
89.99,59,492,3,250,4.1,89,21,9,1,9,2017,3960,57.656666666666666,23.99,4.1,32.33333333333333,66.0,368.95899999999995,356360.39999999997,40,6,21
89.99,59,492,3,250,4.1,81,22,9,2,10,2017,3960,57.656666666666666,23.99,4.1,32.33333333333333,66.0,368.95899999999995,356360.39999999997,40,6,24
89.99,59,492,3,250,4.1,139,22,8,4,11,2017,3960,57.656666666666666,23.99,4.1,32.33333333333333,66.0,368.95899999999995,356360.39999999997,40,6,26
89.99,59,492,3,250,4.1,112,21,10,1,12,2017,3960,57.656666666666666,23.99,4.1,32.33333333333333,66.0,368.95899999999995,356360.39999999997,40,6,19
89.99,59,492,3,250,4.1,98,23,8,2,1,2018,3960,57.656666666666666,23.99,4.1,32.33333333333333,66.0,368.95899999999995,356360.39999999997,40,6,20
89.99,59,492,3,250,4.1,126,20,8,2,2,2018,3960,57.656666666666666,23.99,4.1,32.33333333333333,66.0,368.95899999999995,356360.39999999997,40,6,17
83.74,59,492,3,250,4.1,169,22,9,1,3,2018,3960,55.57333333333333,23.99,4.1,28.166666666666664,59.75,343.33399999999995,331610.39999999997,40,6,16
79.99,59,492,3,250,4.1,118,21,9,1,4,2018,3960,72.99,58.99,4.033333333333333,7.0,20.999999999999993,327.95899999999995,316760.39999999997,40,6,14
79.99,59,492,3,250,4.1,159,23,8,3,5,2018,3960,54.32333333333333,23.99,4.1,25.666666666666664,56.0,327.95899999999995,316760.39999999997,40,6,16
79.99,59,492,3,250,4.1,131,21,9,0,6,2018,3960,54.32333333333333,23.99,4.1,25.666666666666664,56.0,327.95899999999995,316760.39999999997,40,6,13
79.99,59,492,3,250,4.1,113,22,9,1,7,2018,3960,54.32333333333333,23.99,4.1,25.666666666666664,56.0,327.95899999999995,316760.39999999997,40,6,10
82.82142857,59,492,3,250,4.1,127,23,8,1,8,2018,3960,55.26714285666666,23.99,4.1,27.554285713333336,58.83142857,339.567857137,327972.85713719996,40,6,7
59.9,57,366,2,1650,4.1,74,21,10,1,7,2017,19800,59.9,59.9,4.133333333333334,0.0,0.0,245.58999999999997,1186020.0,26,5,13
59.9,57,366,2,1650,4.1,113,23,8,1,8,2017,19800,59.9,59.9,4.133333333333334,0.0,0.0,245.58999999999997,1186020.0,26,5,23
59.9,57,366,2,1650,4.1,115,21,9,1,9,2017,19800,59.9,59.9,4.133333333333334,0.0,0.0,245.58999999999997,1186020.0,26,5,13
59.9,57,366,2,1650,4.1,146,22,9,2,10,2017,19800,59.9,59.9,4.133333333333334,0.0,0.0,245.58999999999997,1186020.0,26,5,36
53.78571429,57,366,2,1650,4.1,339,22,8,4,11,2017,19800,53.28031332666666,52.40694444,4.133333333333334,0.5054009633333436,1.3787698500000047,220.52142858899998,1064957.142942,26,5,69
55.75,57,366,2,1650,4.1,184,21,10,1,12,2017,19800,55.425000000000004,55.1,4.133333333333334,0.32499999999999574,0.6499999999999986,228.575,1103850.0,26,5,44
49.9,57,366,2,1650,4.1,137,23,8,2,1,2018,19800,49.9,49.9,4.133333333333334,0.0,0.0,204.58999999999997,988020.0,26,5,39
50.35714286,57,366,2,1650,4.1,160,20,8,2,2,2018,19800,50.60076805,50.35714286,4.133333333333334,-0.24362518999999594,0.0,206.46428572599999,997071.4286280001,26,5,48
53.9,57,366,2,1650,4.1,116,22,9,1,3,2018,19800,53.9,53.9,4.133333333333334,0.0,0.0,220.98999999999998,1067220.0,26,5,26
53.9,57,366,2,1650,4.1,111,21,9,1,4,2018,19800,53.9,53.9,4.133333333333334,0.0,0.0,220.98999999999998,1067220.0,26,5,28
53.05789474,57,366,2,1650,4.1,102,23,8,3,5,2018,19800,53.39419002333333,53.05789474,4.133333333333334,-0.33629528333332814,0.0,217.537368434,1050546.3158520001,26,5,25
49.9,57,366,2,1650,4.1,58,21,9,0,6,2018,19800,49.9,49.9,4.133333333333334,0.0,0.0,204.58999999999997,988020.0,26,5,15
49.9,57,366,2,1650,4.1,54,22,9,1,7,2018,19800,49.903333333333336,49.9,4.133333333333334,-0.003333333333337407,0.0,204.58999999999997,988020.0,26,5,3
49.9,57,366,2,1650,4.1,46,23,8,1,8,2018,19800,49.903333333333336,49.9,4.133333333333334,-0.003333333333337407,0.0,204.58999999999997,988020.0,26,5,6
167.0,33,300,1,207,3.5,31,22,9,2,10,2017,2926,162.89862746666665,154.6958824,3.733333333333333,4.101372533333347,12.304117600000012,584.5,488642.0,9,1,1
119.9,33,300,1,207,3.5,35,21,10,1,12,2017,2926,126.59666666666665,109.9,3.733333333333333,-6.696666666666644,10.0,419.65000000000003,350827.4,9,1,2
93.09489362,33,300,1,207,3.5,152,23,8,2,1,2018,2926,134.8361323,97.6425,4.0,-41.74123868000001,-4.547606380000005,325.83212767,272395.65873212,9,1,57
77.155,33,300,1,207,3.5,202,20,8,2,2,2018,2926,125.87076023333333,78.7122807,4.0,-48.71576023333333,-1.5572806999999926,270.0425,225755.53,9,1,45
88.0,33,300,1,207,3.5,127,22,9,1,3,2018,2926,122.35559004666668,81.02391304,4.0,-34.35559004666668,6.9760869600000035,308.0,257488.0,9,1,6
88.0,33,300,1,207,3.5,107,21,9,1,4,2018,2926,117.16324785666666,80.66666667,4.0,-29.163247856666658,7.333333330000002,308.0,257488.0,9,1,10
89.9,33,300,1,207,3.5,66,21,9,0,6,2018,2926,114.43038459999998,78.9,4.0,-24.530384599999977,11.0,314.65000000000003,263047.4,9,1,3
78.9,33,300,1,207,3.5,43,22,9,1,7,2018,2926,115.92999999999999,77.9,4.0,-37.02999999999999,1.0,276.15000000000003,230861.40000000002,9,1,3
59.9,59,341,2,1750,4.2,34,23,8,1,5,2017,32560,59.9,59.9,4.166666666666667,0.0,0.0,251.58,1950344.0,23,5,3
59.9,59,341,2,1750,4.2,26,22,8,1,6,2017,32560,59.9,59.9,4.166666666666667,0.0,0.0,251.58,1950344.0,23,5,3
59.9,59,341,2,1750,4.2,74,21,10,1,7,2017,32560,59.9,59.9,4.133333333333334,0.0,0.0,251.58,1950344.0,23,5,19
59.9,59,341,2,1750,4.2,113,23,8,1,8,2017,32560,59.9,59.9,4.133333333333334,0.0,0.0,251.58,1950344.0,23,5,27
59.9,59,341,2,1750,4.2,115,21,9,1,9,2017,32560,59.9,59.9,4.133333333333334,0.0,0.0,251.58,1950344.0,23,5,17
59.9,59,341,2,1750,4.2,146,22,9,2,10,2017,32560,59.9,59.9,4.133333333333334,0.0,0.0,251.58,1950344.0,23,5,31
55.425,59,341,2,1750,4.2,184,21,10,1,12,2017,32560,55.425000000000004,55.1,4.133333333333334,-7.105427357601002e-15,0.32499999999999574,232.785,1804638.0,23,5,32
49.9,59,341,2,1750,4.2,137,23,8,2,1,2018,32560,49.9,49.9,4.133333333333334,0.0,0.0,209.58,1624744.0,23,5,29
50.9,59,341,2,1750,4.2,160,20,8,2,2,2018,32560,50.60076805,50.35714286,4.133333333333334,0.29923194999999936,0.5428571399999953,213.78,1657304.0,23,5,36
53.9,59,341,2,1750,4.2,116,22,9,1,3,2018,32560,53.9,53.9,4.133333333333334,0.0,0.0,226.38,1754984.0,23,5,35
53.9,59,341,2,1750,4.2,111,21,9,1,4,2018,32560,53.9,53.9,4.133333333333334,0.0,0.0,226.38,1754984.0,23,5,13
53.70952381,59,341,2,1750,4.2,102,23,8,3,5,2018,32560,53.39419002333333,53.05789474,4.133333333333334,0.31533378666667033,0.6516290699999985,225.58000000200002,1748782.0952536,23,5,29
49.9,59,341,2,1750,4.2,58,21,9,0,6,2018,32560,49.9,49.9,4.133333333333334,0.0,0.0,209.58,1624744.0,23,5,6
49.9,59,341,2,1750,4.2,54,22,9,1,7,2018,32560,49.903333333333336,49.9,4.133333333333334,-0.003333333333337407,0.0,209.58,1624744.0,23,5,14
49.9,59,341,2,1750,4.2,46,23,8,1,8,2018,32560,49.903333333333336,49.9,4.133333333333334,-0.003333333333337407,0.0,209.58,1624744.0,23,5,10
150.3545455,48,894,1,533,4.3,152,23,8,2,1,2018,4840,134.8361323,97.6425,4.0,15.518413199999998,52.7120455,646.5245456499999,727716.00022,10,1,22
149.9,48,894,1,533,4.3,202,20,8,2,2,2018,4840,125.87076023333333,78.7122807,4.0,24.029239766666677,71.18771930000001,644.57,725516.0,10,1,69
149.9,48,894,1,533,4.3,127,22,9,1,3,2018,4840,122.35559004666668,81.02391304,4.0,27.54440995333333,68.87608696000001,644.57,725516.0,10,1,51
149.9,48,894,1,533,4.3,107,21,9,1,4,2018,4840,117.16324785666666,80.66666667,4.0,32.73675214333335,69.23333333000001,644.57,725516.0,10,1,35
149.9,48,894,1,533,4.3,78,23,8,3,5,2018,4840,116.23333333333333,79.8,4.0,33.66666666666667,70.10000000000001,644.57,725516.0,10,1,52
149.9,48,894,1,533,4.3,66,21,9,0,6,2018,4840,114.43038459999998,78.9,4.0,35.46961540000002,71.0,644.57,725516.0,10,1,27
149.9,48,894,1,533,4.3,43,22,9,1,7,2018,4840,115.92999999999999,77.9,4.0,33.97000000000001,72.0,644.57,725516.0,10,1,13
149.9,48,894,1,533,4.3,18,23,8,1,8,2018,4840,115.92999999999999,77.9,4.0,33.97000000000001,72.0,644.57,725516.0,10,1,5
61.99,50,1257,1,350,3.9,98,23,8,2,1,2018,2964,57.656666666666666,23.99,4.1,4.333333333333336,38.0,241.761,183738.36000000002,38,6,3
61.99,50,1257,1,350,3.9,169,22,9,1,3,2018,2964,55.57333333333333,23.99,4.1,6.416666666666671,38.0,241.761,183738.36000000002,38,6,13
64.99,50,1257,1,350,3.9,118,21,9,1,4,2018,2964,67.99,58.99,3.966666666666667,-3.0,5.999999999999993,253.46099999999998,192630.36,38,6,15
64.99,50,1257,1,350,3.9,159,23,8,3,5,2018,2964,54.32333333333333,23.99,4.1,10.666666666666664,41.0,253.46099999999998,192630.36,38,6,38
66.99,50,1257,1,350,3.9,131,21,9,0,6,2018,2964,54.32333333333333,23.99,4.1,12.666666666666664,43.0,261.26099999999997,198558.36,38,6,26
66.99,50,1257,1,350,3.9,113,22,9,1,7,2018,2964,54.32333333333333,23.99,4.1,12.666666666666664,43.0,261.26099999999997,198558.36,38,6,27
66.99,50,1257,1,350,3.9,127,23,8,1,8,2018,2964,55.26714285666666,23.99,4.1,11.722857143333336,43.0,261.26099999999997,198558.36,38,6,28
59.9,56,348,2,1550,4.1,34,23,8,1,5,2017,19800,59.9,59.9,4.133333333333334,0.0,0.0,245.58999999999997,1186020.0,28,5,4
59.9,56,348,2,1550,4.1,26,22,8,1,6,2017,19800,59.9,59.9,4.133333333333334,0.0,0.0,245.58999999999997,1186020.0,28,5,1
59.9,56,348,2,1550,4.1,74,21,10,1,7,2017,19800,59.9,59.9,4.133333333333334,0.0,0.0,245.58999999999997,1186020.0,28,5,14
59.9,56,348,2,1550,4.1,113,23,8,1,8,2017,19800,59.9,59.9,4.133333333333334,0.0,0.0,245.58999999999997,1186020.0,28,5,39
59.9,56,348,2,1550,4.1,115,21,9,1,9,2017,19800,59.9,59.9,4.133333333333334,0.0,0.0,245.58999999999997,1186020.0,28,5,37
59.9,56,348,2,1550,4.1,146,22,9,2,10,2017,19800,59.9,59.9,4.133333333333334,0.0,0.0,245.58999999999997,1186020.0,28,5,39
55.1,56,348,2,1550,4.1,184,21,10,1,12,2017,19800,55.425000000000004,55.1,4.133333333333334,-0.32500000000000284,0.0,225.91,1090980.0,28,5,51
49.9,56,348,2,1550,4.1,137,23,8,2,1,2018,19800,49.9,49.9,4.133333333333334,0.0,0.0,204.58999999999997,988020.0,28,5,12
50.54516129,56,348,2,1550,4.1,160,20,8,2,2,2018,19800,50.60076805,50.35714286,4.133333333333334,-0.055606759999996314,0.18801842999999963,207.235161289,1000794.193542,28,5,39
53.9,56,348,2,1550,4.1,116,22,9,1,3,2018,19800,53.9,53.9,4.133333333333334,0.0,0.0,220.98999999999998,1067220.0,28,5,31
53.9,56,348,2,1550,4.1,111,21,9,1,4,2018,19800,53.9,53.9,4.133333333333334,0.0,0.0,220.98999999999998,1067220.0,28,5,46
53.41515152,56,348,2,1550,4.1,102,23,8,3,5,2018,19800,53.39419002333333,53.05789474,4.133333333333334,0.02096149666667202,0.35725678000000016,219.00212123199998,1057620.000096,28,5,56
49.9,56,348,2,1550,4.1,58,21,9,0,6,2018,19800,49.9,49.9,4.133333333333334,0.0,0.0,204.58999999999997,988020.0,28,5,12
49.91,56,348,2,1550,4.1,54,22,9,1,7,2018,19800,49.903333333333336,49.9,4.133333333333334,0.006666666666660603,0.00999999999999801,204.63099999999997,988217.9999999999,28,5,6
49.91,56,348,2,1550,4.1,46,23,8,1,8,2018,19800,49.903333333333336,49.9,4.133333333333334,0.006666666666660603,0.00999999999999801,204.63099999999997,988217.9999999999,28,5,6
47.35789474,40,409,1,1110,4.2,126,20,8,2,2,2018,3762,57.656666666666666,23.99,4.1,-10.298771926666667,23.36789474,198.903157908,178160.40001188,33,6,21
48.45944444,40,409,1,1110,4.2,169,22,9,1,3,2018,3762,55.57333333333333,23.99,4.1,-7.113888893333332,24.46944444,203.52966664800002,182304.42998328,33,6,58
53.70176471,40,409,1,1110,4.2,118,21,9,1,4,2018,3762,64.22725490333333,53.70176471,4.066666666666667,-10.525490193333333,0.0,225.547411782,202026.03883902,33,6,18
52.06928571,40,409,1,1110,4.2,159,23,8,3,5,2018,3762,54.32333333333333,23.99,4.1,-2.254047623333328,28.079285710000004,218.69099998200002,195884.65284102,33,6,33
49.98,40,409,1,1110,4.2,131,21,9,0,6,2018,3762,54.32333333333333,23.99,4.1,-4.343333333333334,25.99,209.916,188024.75999999998,33,6,9
51.512,40,409,1,1110,4.2,113,22,9,1,7,2018,3762,54.32333333333333,23.99,4.1,-2.81133333333333,27.522000000000002,216.3504,193788.144,33,6,5
50.71,40,409,1,1110,4.2,127,23,8,1,8,2018,3762,55.26714285666666,23.99,4.1,-4.557142856666658,26.720000000000002,212.982,190771.02,33,6,11
157.99,35,591,3,444,4.0,17,22,8,1,6,2017,4480,168.66333333333333,157.99,4.0,-10.673333333333318,0.0,631.96,707795.2000000001,45,8,5
171.792,35,591,3,444,4.0,29,21,10,1,7,2017,4480,176.9219697,161.5909091,4.0,-5.129969700000004,10.201090899999997,687.168,769628.16,45,8,6
169.9,35,591,3,444,4.0,48,23,8,1,8,2017,4480,170.15641026666665,160.6692308,4.0,-0.25641026666664857,9.230769199999997,679.6,761152.0,45,8,5
160.4,35,591,3,444,4.0,54,21,9,1,9,2017,4480,157.91619046666668,148.7785714,4.0,2.4838095333333285,11.621428600000002,641.6,718592.0,45,8,10
149.475,35,591,3,444,4.0,43,22,9,2,10,2017,4480,172.28833333333333,134.9,4.0,-22.813333333333333,14.574999999999989,597.9,669648.0,45,8,16
140.56,35,591,3,444,4.0,91,22,8,4,11,2017,4480,138.47777776666666,108.0,4.066666666666666,2.08222223333334,32.56,562.24,629708.8,45,8,26
149.0,35,591,3,444,4.0,73,21,10,1,12,2017,4480,147.65333333333334,108.0,4.066666666666666,1.346666666666664,41.0,596.0,667520.0,45,8,6
148.5,35,591,3,444,4.0,59,23,8,2,1,2018,4480,151.83333333333334,108.0,4.0,-3.333333333333343,40.5,594.0,665280.0,45,8,8
145.9942857,35,591,3,444,4.0,90,20,8,2,2,2018,4480,139.4138889,108.0,4.066666666666666,6.580396800000017,37.994285700000006,583.9771428,654054.399936,45,8,14
123.9666667,35,591,3,444,4.0,125,22,9,1,3,2018,4480,124.98752830000001,105.6428571,4.066666666666666,-1.0208616000000035,18.323809600000004,495.8666668,555370.666816,45,8,9
119.19,35,591,3,444,4.0,178,21,9,1,4,2018,4480,120.26065276666667,105.0,4.066666666666666,-1.0706527666666688,14.189999999999998,476.76,533971.2,45,8,10
118.1318182,35,591,3,444,4.0,260,23,8,3,5,2018,4480,113.77459113333333,103.7925234,4.066666666666666,4.357227066666667,14.339294800000005,472.5272728,529230.545536,45,8,22
139.9,35,591,3,444,4.0,93,21,9,0,6,2018,4480,120.74000000000001,105.0,4.066666666666666,19.159999999999997,34.900000000000006,559.6,626752.0,45,8,1
138.98,35,591,3,444,4.0,122,22,9,1,7,2018,4480,126.12121213333334,105.0,4.066666666666666,12.858787866666646,33.97999999999999,555.92,622630.3999999999,45,8,5
138.0,35,591,3,444,4.0,61,23,8,1,8,2018,4480,120.85030303333333,105.0,4.066666666666666,17.149696966666667,33.0,552.0,618240.0,45,8,3
84.99,49,1495,3,600,3.8,82,23,8,1,8,2017,8151,57.45913580333333,23.39740741,4.1,27.530864196666663,61.592592589999995,322.962,692753.49,32,6,3
84.99,49,1495,3,600,3.8,89,21,9,1,9,2017,8151,57.656666666666666,23.99,4.1,27.33333333333333,61.0,322.962,692753.49,32,6,4
84.99,49,1495,3,600,3.8,81,22,9,2,10,2017,8151,57.656666666666666,23.99,4.1,27.33333333333333,61.0,322.962,692753.49,32,6,3
84.99,49,1495,3,600,3.8,139,22,8,4,11,2017,8151,57.656666666666666,23.99,4.1,27.33333333333333,61.0,322.962,692753.49,32,6,36
84.99,49,1495,3,600,3.8,112,21,10,1,12,2017,8151,57.656666666666666,23.99,4.1,27.33333333333333,61.0,322.962,692753.49,32,6,50
84.99,49,1495,3,600,3.8,98,23,8,2,1,2018,8151,57.656666666666666,23.99,4.1,27.33333333333333,61.0,322.962,692753.49,32,6,13
84.99,49,1495,3,600,3.8,126,20,8,2,2,2018,8151,57.656666666666666,23.99,4.1,27.33333333333333,61.0,322.962,692753.49,32,6,7
84.99,49,1495,3,600,3.8,169,22,9,1,3,2018,8151,55.57333333333333,23.99,4.1,29.416666666666664,61.0,322.962,692753.49,32,6,4
84.99,49,1495,3,600,3.8,131,21,9,0,6,2018,8151,54.32333333333333,23.99,4.1,30.666666666666664,61.0,322.962,692753.49,32,6,2
179.99,33,2188,2,7650,4.2,3,20,8,2,2,2017,8000,179.99,179.99,4.2,0.0,0.0,755.9580000000001,1439920.0,30,5,1
179.99,33,2188,2,7650,4.2,17,20,10,2,4,2017,8000,179.99,179.99,4.2,0.0,0.0,755.9580000000001,1439920.0,30,5,3
179.99,33,2188,2,7650,4.2,115,21,9,1,9,2017,8000,59.9,59.9,4.133333333333334,120.09,120.09,755.9580000000001,1439920.0,30,5,2
179.99,33,2188,2,7650,4.2,146,22,9,2,10,2017,8000,59.9,59.9,4.133333333333334,120.09,120.09,755.9580000000001,1439920.0,30,5,6
179.99,33,2188,2,7650,4.2,339,22,8,4,11,2017,8000,53.28031332666666,52.40694444,4.133333333333334,126.70968667333335,127.58305556000002,755.9580000000001,1439920.0,30,5,13
183.99,33,2188,2,7650,4.2,184,21,10,1,12,2017,8000,55.425000000000004,55.1,4.133333333333334,128.565,128.89000000000001,772.758,1471920.0,30,5,15
187.8542857,33,2188,2,7650,4.2,137,23,8,2,1,2018,8000,49.9,49.9,4.133333333333334,137.95428569999999,137.95428569999999,788.98799994,1502834.2855999998,30,5,14
179.0,33,2188,2,7650,4.2,160,20,8,2,2,2018,8000,50.60076805,50.35714286,4.133333333333334,128.39923195,128.64285714,751.8000000000001,1432000.0,30,5,12
175.1538462,33,2188,2,7650,4.2,116,22,9,1,3,2018,8000,53.9,53.9,4.133333333333334,121.2538462,121.2538462,735.64615404,1401230.7696,30,5,13
179.0,33,2188,2,7650,4.2,111,21,9,1,4,2018,8000,53.9,53.9,4.133333333333334,125.1,125.1,751.8000000000001,1432000.0,30,5,11
179.0,33,2188,2,7650,4.2,102,23,8,3,5,2018,8000,53.39419002333333,53.05789474,4.133333333333334,125.60580997666668,125.94210526,751.8000000000001,1432000.0,30,5,3
159.0,33,2188,2,7650,4.2,58,21,9,0,6,2018,8000,49.9,49.9,4.133333333333334,109.1,109.1,667.8000000000001,1272000.0,30,5,10
139.0,33,2188,2,7650,4.2,54,22,9,1,7,2018,8000,49.903333333333336,49.9,4.133333333333334,89.09666666666666,89.1,583.8000000000001,1112000.0,30,5,8
139.0,33,2188,2,7650,4.2,46,23,8,1,8,2018,8000,49.903333333333336,49.9,4.133333333333334,89.09666666666666,89.1,583.8000000000001,1112000.0,30,5,7
59.9,58,340,2,1500,4.0,17,20,10,2,4,2017,19800,59.9,59.9,4.0,0.0,0.0,239.6,1186020.0,31,5,3
59.9,58,340,2,1500,4.0,34,23,8,1,5,2017,19800,59.9,59.9,4.1000000000000005,0.0,0.0,239.6,1186020.0,31,5,7
59.9,58,340,2,1500,4.0,26,22,8,1,6,2017,19800,59.9,59.9,4.1000000000000005,0.0,0.0,239.6,1186020.0,31,5,4
59.9,58,340,2,1500,4.0,74,21,10,1,7,2017,19800,59.9,59.9,4.133333333333334,0.0,0.0,239.6,1186020.0,31,5,19
59.9,58,340,2,1500,4.0,113,23,8,1,8,2017,19800,59.9,59.9,4.133333333333334,0.0,0.0,239.6,1186020.0,31,5,21
59.9,58,340,2,1500,4.0,115,21,9,1,9,2017,19800,59.9,59.9,4.133333333333334,0.0,0.0,239.6,1186020.0,31,5,23
59.9,58,340,2,1500,4.0,146,22,9,2,10,2017,19800,59.9,59.9,4.133333333333334,0.0,0.0,239.6,1186020.0,31,5,19
53.37910448,58,340,2,1500,4.0,339,22,8,4,11,2017,19800,53.28031332666666,52.40694444,4.133333333333334,0.09879115333334454,0.9721600400000057,213.51641792,1056906.268704,31,5,82
55.77096774,58,340,2,1500,4.0,184,21,10,1,12,2017,19800,55.425000000000004,55.1,4.133333333333334,0.34596773999999897,0.6709677400000018,223.08387096,1104265.1612520001,31,5,40
49.9,58,340,2,1500,4.0,137,23,8,2,1,2018,19800,49.9,49.9,4.133333333333334,0.0,0.0,199.6,988020.0,31,5,25
51.025,58,340,2,1500,4.0,160,20,8,2,2,2018,19800,50.60076805,50.35714286,4.133333333333334,0.42423194999999936,0.6678571399999953,204.1,1010295.0,31,5,44
53.9,58,340,2,1500,4.0,116,22,9,1,3,2018,19800,53.9,53.9,4.133333333333334,0.0,0.0,215.6,1067220.0,31,5,25
53.9,58,340,2,1500,4.0,111,21,9,1,4,2018,19800,53.9,53.9,4.133333333333334,0.0,0.0,215.6,1067220.0,31,5,20
52.56666667,58,340,2,1500,4.0,102,23,8,3,5,2018,19800,53.39419002333333,53.05789474,4.133333333333334,-0.8275233533333335,-0.49122807000000535,210.26666668,1040820.0000659999,31,5,17
49.9,58,340,2,1500,4.0,58,21,9,0,6,2018,19800,49.9,49.9,4.133333333333334,0.0,0.0,199.6,988020.0,31,5,8
49.9,58,340,2,1500,4.0,54,22,9,1,7,2018,19800,49.903333333333336,49.9,4.133333333333334,-0.003333333333337407,0.0,199.6,988020.0,31,5,9
49.9,58,340,2,1500,4.0,46,23,8,1,8,2018,19800,49.903333333333336,49.9,4.133333333333334,-0.003333333333337407,0.0,199.6,988020.0,31,5,7
163.0,33,523,3,584,4.2,17,22,8,1,6,2017,2288,170.33333333333334,163.0,4.066666666666666,-7.333333333333343,0.0,684.6,372944.0,49,8,4
161.5909091,33,523,3,584,4.2,29,21,10,1,7,2017,2288,173.52160606666666,161.5909091,4.066666666666666,-11.930696966666659,0.0,678.6818182200001,369720.0000208,49,8,11
160.6692308,33,523,3,584,4.2,48,23,8,1,8,2017,2288,167.07948720000002,160.6692308,4.066666666666666,-6.410256400000009,0.0,674.8107693600001,367611.2000704,49,8,13
148.7785714,33,523,3,584,4.2,54,21,9,1,9,2017,2288,154.04238093333333,148.7785714,4.066666666666666,-5.26380953333333,0.0,624.86999988,340405.3713632,49,8,18
134.9,33,523,3,584,4.2,43,22,9,2,10,2017,2288,167.43,134.9,4.066666666666666,-32.53,0.0,566.58,308651.2,49,8,1
133.0,33,523,3,584,4.2,91,22,8,4,11,2017,2288,138.47777776666666,108.0,4.066666666666666,-5.477777766666662,25.0,558.6,304304.0,49,8,15
149.0,33,523,3,584,4.2,73,21,10,1,12,2017,2288,147.65333333333334,108.0,4.066666666666666,1.346666666666664,41.0,625.8000000000001,340912.0,49,8,4
128.2416667,33,523,3,584,4.2,90,20,8,2,2,2018,2288,139.4138889,108.0,4.066666666666666,-11.172222199999993,20.241666699999996,538.61500014,293416.9334096,49,8,6
117.4412903,33,523,3,584,4.2,125,22,9,1,3,2018,2288,124.98752830000001,105.6428571,4.066666666666666,-7.546238000000002,11.798433200000005,493.25341926000004,268705.6722064,49,8,31
119.0,33,523,3,584,4.2,93,21,9,0,6,2018,2288,120.74000000000001,105.0,4.066666666666666,-1.740000000000009,14.0,499.8,272272.0,49,8,9
118.3636364,33,523,3,584,4.2,122,22,9,1,7,2018,2288,126.12121213333334,105.0,4.066666666666666,-7.75757573333334,13.363636400000004,497.12727288,270816.0000832,49,8,11
112.0,33,523,3,584,4.2,61,23,8,1,8,2018,2288,120.85030303333333,105.0,4.066666666666666,-8.850303033333333,7.0,470.40000000000003,256256.0,49,8,1
29.5,57,787,8,1867,4.4,10,21,9,1,9,2017,7776,52.99666666666667,29.5,4.333333333333334,-23.49666666666667,0.0,129.8,229392.0,15,3,1
29.5,57,787,8,1867,4.4,102,23,8,2,1,2018,7776,86.49333333333334,29.5,4.3,-56.99333333333334,0.0,129.8,229392.0,15,3,76
35.0,57,787,8,1867,4.4,45,22,9,1,3,2018,7776,88.32666666666667,35.0,4.3,-53.32666666666667,0.0,154.0,272160.0,15,3,26
35.0,57,787,8,1867,4.4,18,21,9,1,4,2018,7776,84.95111111,35.0,4.3,-49.95111111,0.0,154.0,272160.0,15,3,4
35.0,57,787,8,1867,4.4,4,23,8,3,5,2018,7776,35.0,35.0,4.4,0.0,0.0,154.0,272160.0,15,3,4
65.0,57,787,8,1867,4.4,2,21,9,0,6,2018,7776,65.0,65.0,4.4,0.0,0.0,286.0,505440.0,15,3,2
65.0,57,787,8,1867,4.4,1,23,8,1,8,2018,7776,65.0,65.0,4.4,0.0,0.0,286.0,505440.0,15,3,1
142.5,29,178,1,400,4.4,8,23,8,1,8,2017,4693,113.99666666666667,56.99,4.366666666666666,28.50333333333333,85.50999999999999,627.0,668752.5,43,7,1
142.5,29,178,1,400,4.4,18,21,9,1,9,2017,4693,113.99666666666667,56.99,4.366666666666666,28.50333333333333,85.50999999999999,627.0,668752.5,43,7,1
142.5,29,178,1,400,4.4,19,22,9,2,10,2017,4693,113.99666666666667,56.99,4.366666666666666,28.50333333333333,85.50999999999999,627.0,668752.5,43,7,2
118.05,29,178,1,400,4.4,27,22,8,4,11,2017,4693,97.69666666666666,56.99,4.366666666666666,20.35333333333334,61.059999999999995,519.4200000000001,554008.65,43,7,8
118.0,29,178,1,400,4.4,34,21,10,1,12,2017,4693,97.66333333333334,56.99,4.366666666666666,20.33666666666666,61.01,519.2,553774.0,43,7,12
117.9,29,178,1,400,4.4,15,23,8,2,1,2018,4693,97.59666666666668,56.99,4.366666666666666,20.303333333333327,60.910000000000004,518.7600000000001,553304.7000000001,43,7,6
117.8888889,29,178,1,400,4.4,12,20,8,2,2,2018,4693,97.58925926666666,56.99,4.366666666666666,20.29962963333334,60.898888899999996,518.7111111600001,553252.5556077,43,7,11
117.7,29,178,1,400,4.4,18,22,9,1,3,2018,4693,95.29666666666667,50.49,4.366666666666666,22.403333333333336,67.21000000000001,517.8800000000001,552366.1,43,7,4
117.975,29,178,1,400,4.4,10,21,9,1,4,2018,4693,95.31333333333333,49.99,4.366666666666666,22.66166666666666,67.98499999999999,519.09,553656.6749999999,43,7,8
119.9,29,178,1,400,4.4,16,23,8,3,5,2018,4693,119.90000000000002,119.9,4.4,-1.4210854715202004e-14,0.0,527.5600000000001,562690.7000000001,43,7,17
119.1785714,29,178,1,400,4.4,14,21,9,0,6,2018,4693,119.1785714,119.1785714,4.4,0.0,0.0,524.38571416,559305.0355802,43,7,14
118.7,29,178,1,400,4.4,13,22,9,1,7,2018,4693,95.79666666666667,49.99,4.366666666666666,22.903333333333336,68.71000000000001,522.2800000000001,557059.1,43,7,5
116.9066667,29,178,1,400,4.4,19,23,8,1,8,2018,4693,94.60111113333333,49.99,4.366666666666666,22.30555556666667,66.91666670000001,514.38933348,548642.9868231,43,7,17
129.99,33,897,1,1600,4.3,22,23,8,1,3,2017,15750,119.99000000000001,99.99,4.266666666666667,10.0,30.000000000000014,558.957,2047342.5000000002,14,3,8
129.99,33,897,1,1600,4.3,33,20,10,2,4,2017,15750,119.99000000000001,99.99,4.266666666666667,10.0,30.000000000000014,558.957,2047342.5000000002,14,3,14
129.99,33,897,1,1600,4.3,58,23,8,1,5,2017,15750,119.99000000000001,99.99,4.266666666666667,10.0,30.000000000000014,558.957,2047342.5000000002,14,3,18
129.99,33,897,1,1600,4.3,42,22,8,1,6,2017,15750,119.99000000000001,99.99,4.266666666666667,10.0,30.000000000000014,558.957,2047342.5000000002,14,3,17
129.99,33,897,1,1600,4.3,42,21,10,1,7,2017,15750,119.99000000000001,99.99,4.266666666666667,10.0,30.000000000000014,558.957,2047342.5000000002,14,3,16
116.9275,33,897,1,1600,4.3,39,23,8,1,8,2017,15750,111.28166666666665,99.99,4.266666666666667,5.645833333333343,16.9375,502.78824999999995,1841608.125,14,3,16
119.99,33,897,1,1600,4.3,33,22,9,2,10,2017,15750,113.32333333333332,99.99,4.266666666666667,6.666666666666671,20.0,515.957,1889842.5,14,3,10
129.99,33,897,1,1600,4.3,42,22,8,4,11,2017,15750,119.99000000000001,99.99,4.266666666666667,10.0,30.000000000000014,558.957,2047342.5000000002,14,3,9
129.99,33,897,1,1600,4.3,38,21,10,1,12,2017,15750,119.99000000000001,99.99,4.266666666666667,10.0,30.000000000000014,558.957,2047342.5000000002,14,3,3
129.99,33,897,1,1600,4.3,102,23,8,2,1,2018,15750,86.49333333333334,29.5,4.3,43.49666666666667,100.49000000000001,558.957,2047342.5000000002,14,3,4
129.99,33,897,1,1600,4.3,20,20,8,2,2,2018,15750,119.99000000000001,99.99,4.266666666666667,10.0,30.000000000000014,558.957,2047342.5000000002,14,3,2
129.99,33,897,1,1600,4.3,45,22,9,1,3,2018,15750,88.32666666666667,35.0,4.3,41.66333333333334,94.99000000000001,558.957,2047342.5000000002,14,3,1
129.99,33,897,1,1600,4.3,18,21,9,1,4,2018,15750,84.95111111,35.0,4.3,45.03888889000001,94.99000000000001,558.957,2047342.5000000002,14,3,1
94.9,45,236,1,173,4.0,11,23,8,1,5,2017,2808,94.90000000000002,94.9,4.0,-1.4210854715202004e-14,0.0,379.6,266479.2,5,1,4
100.9,45,236,1,173,4.0,15,22,8,1,6,2017,2808,120.59666666666665,100.9,4.066666666666666,-19.696666666666644,0.0,403.6,283327.2,5,1,6
109.9,45,236,1,173,4.0,17,21,10,1,7,2017,2808,119.93,109.9,4.066666666666666,-10.030000000000001,0.0,439.6,308599.2,5,1,10
109.9,45,236,1,173,4.0,15,23,8,1,8,2017,2808,121.8347619,109.9,4.066666666666666,-11.934761899999998,0.0,439.6,308599.2,5,1,2
98.9,45,236,1,173,4.0,15,21,9,1,9,2017,2808,116.59666666666668,98.9,4.066666666666666,-17.696666666666673,0.0,395.6,277711.2,5,1,4
98.9,45,236,1,173,4.0,31,22,9,2,10,2017,2808,117.49862746666668,98.9,4.066666666666666,-18.59862746666667,0.0,395.6,277711.2,5,1,4
98.9,45,236,1,173,4.0,36,22,8,4,11,2017,2808,119.59666666666668,98.9,3.9,-20.696666666666673,0.0,395.6,277711.2,5,1,6
98.9,45,236,1,173,4.0,35,21,10,1,12,2017,2808,119.59666666666668,98.9,3.9,-20.696666666666673,0.0,395.6,277711.2,5,1,1
90.534,45,236,1,173,4.0,152,23,8,2,1,2018,2808,134.8361323,97.6425,4.0,-44.3021323,-7.108499999999992,362.136,254219.472,5,1,31
84.75608696,45,236,1,173,4.0,202,20,8,2,2,2018,2808,125.87076023333333,78.7122807,4.0,-41.114673273333324,6.043806260000011,339.02434784,237995.09218368,5,1,30
87.5,45,236,1,173,4.0,127,22,9,1,3,2018,2808,122.35559004666668,81.02391304,4.0,-34.85559004666668,6.4760869600000035,350.0,245700.0,5,1,13
94.0,45,236,1,173,4.0,107,21,9,1,4,2018,2808,117.16324785666666,80.66666667,4.0,-23.163247856666658,13.333333330000002,376.0,263952.0,5,1,5
73.0,45,236,1,173,4.0,66,21,9,0,6,2018,2808,114.43038459999998,78.9,4.0,-41.43038459999998,-5.900000000000006,292.0,204984.0,5,1,4
66.34214286,45,236,1,173,4.0,43,22,9,1,7,2018,2808,115.92999999999999,77.9,4.0,-49.58785714,-11.55785714000001,265.36857144,186288.73715087998,5,1,18
79.9,45,236,1,173,4.0,18,23,8,1,8,2018,2808,115.92999999999999,77.9,4.0,-36.02999999999999,2.0,319.6,224359.2,5,1,1
19.9,56,237,3,100,3.9,13,21,10,1,7,2017,2304,19.9,19.9,4.0,0.0,0.0,77.61,45849.6,12,2,1
19.9,56,237,3,100,3.9,33,23,8,1,8,2017,2304,19.9,19.9,4.0,0.0,0.0,77.61,45849.6,12,2,11
19.9,56,237,3,100,3.9,17,21,9,1,9,2017,2304,19.9,19.9,4.0,0.0,0.0,77.61,45849.6,12,2,9
20.66666667,56,237,3,100,3.9,38,22,9,2,10,2017,2304,20.95873016,20.66666667,4.0,-0.2920634900000003,0.0,80.600000013,47616.000007680006,12,2,12
24.5,56,237,3,100,3.9,49,22,8,4,11,2017,2304,24.5,24.5,4.0,0.0,0.0,95.55,56448.0,12,2,23
24.5,56,237,3,100,3.9,30,21,10,1,12,2017,2304,24.5,24.5,4.0,0.0,0.0,95.55,56448.0,12,2,17
27.03333333,56,237,3,100,3.9,9,23,8,2,1,2018,2304,27.03333333,27.03333333,3.9,0.0,0.0,105.429999987,62284.799992320004,12,2,10
32.5,56,237,3,100,3.9,6,20,8,2,2,2018,2304,32.5,32.5,4.0,0.0,0.0,126.75,74880.0,12,2,1
32.74285714,56,237,3,100,3.9,13,22,9,1,3,2018,2304,32.66190476,32.5,4.0,0.08095237999999938,0.24285713999999814,127.69714284599999,75439.54285056,12,2,7
34.2,56,237,3,100,3.9,13,21,9,1,4,2018,2304,34.48571428666667,34.2,4.0,-0.28571428666666776,0.0,133.38,78796.8,12,2,6
349.9,51,625,1,900,4.3,9,22,9,1,1,2017,11400,254.92999999999998,64.99,4.166666666666667,94.97,284.90999999999997,1504.57,3988859.9999999995,37,6,8
349.9,51,625,1,900,4.3,19,20,8,2,2,2017,11400,144.96,19.99,4.166666666666667,204.93999999999997,329.90999999999997,1504.57,3988859.9999999995,37,6,4
349.9,51,625,1,900,4.3,25,23,8,1,3,2017,11400,58.32333333333332,19.99,4.1,291.57666666666665,329.90999999999997,1504.57,3988859.9999999995,37,6,2
349.9,51,625,1,900,4.3,23,20,10,2,4,2017,11400,144.96,19.99,4.166666666666667,204.93999999999997,329.90999999999997,1504.57,3988859.9999999995,37,6,1
349.9,51,625,1,900,4.3,41,23,8,1,5,2017,11400,58.32333333333332,19.99,4.1,291.57666666666665,329.90999999999997,1504.57,3988859.9999999995,37,6,4
349.9,51,625,1,900,4.3,53,22,8,1,6,2017,11400,56.25984127,19.99,4.1,293.64015873,329.90999999999997,1504.57,3988859.9999999995,37,6,2
349.9,51,625,1,900,4.3,61,21,10,1,7,2017,11400,56.41222222333332,19.99,4.1,293.48777777666663,329.90999999999997,1504.57,3988859.9999999995,37,6,1
349.9,51,625,1,900,4.3,82,23,8,1,8,2017,11400,57.45913580333333,23.39740741,4.1,292.44086419666667,326.50259258999995,1504.57,3988859.9999999995,37,6,7
349.9,51,625,1,900,4.3,89,21,9,1,9,2017,11400,57.656666666666666,23.99,4.1,292.24333333333334,325.90999999999997,1504.57,3988859.9999999995,37,6,7
349.9,51,625,1,900,4.3,81,22,9,2,10,2017,11400,57.656666666666666,23.99,4.1,292.24333333333334,325.90999999999997,1504.57,3988859.9999999995,37,6,10
322.1363636,51,625,1,900,4.3,139,22,8,4,11,2017,11400,57.656666666666666,23.99,4.1,264.47969693333334,298.1463636,1385.18636348,3672354.5450399998,37,6,11
349.9,51,625,1,900,4.3,112,21,10,1,12,2017,11400,57.656666666666666,23.99,4.1,292.24333333333334,325.90999999999997,1504.57,3988859.9999999995,37,6,7
349.9,51,625,1,900,4.3,98,23,8,2,1,2018,11400,57.656666666666666,23.99,4.1,292.24333333333334,325.90999999999997,1504.57,3988859.9999999995,37,6,12
349.9,51,625,1,900,4.3,126,20,8,2,2,2018,11400,57.656666666666666,23.99,4.1,292.24333333333334,325.90999999999997,1504.57,3988859.9999999995,37,6,15
349.9,51,625,1,900,4.3,169,22,9,1,3,2018,11400,55.57333333333333,23.99,4.1,294.32666666666665,325.90999999999997,1504.57,3988859.9999999995,37,6,17
349.9,51,625,1,900,4.3,118,21,9,1,4,2018,11400,162.96,58.99,4.1,186.93999999999997,290.90999999999997,1504.57,3988859.9999999995,37,6,7
352.25,51,625,1,900,4.3,159,23,8,3,5,2018,11400,54.32333333333333,23.99,4.1,297.9266666666667,328.26,1514.675,4015650.0,37,6,10
364.0,51,625,1,900,4.3,131,21,9,0,6,2018,11400,54.32333333333333,23.99,4.1,309.6766666666667,340.01,1565.2,4149600.0,37,6,11
364.0,51,625,1,900,4.3,113,22,9,1,7,2018,11400,54.32333333333333,23.99,4.1,309.6766666666667,340.01,1565.2,4149600.0,37,6,11
364.0,51,625,1,900,4.3,127,23,8,1,8,2018,11400,55.26714285666666,23.99,4.1,308.7328571433333,340.01,1565.2,4149600.0,37,6,9
239.9,35,640,1,335,4.1,29,21,10,1,7,2017,2992,199.62463636666666,161.5909091,4.033333333333334,40.27536363333334,78.3090909,983.5899999999999,717780.8,51,8,2
239.9,35,640,1,335,4.1,43,22,9,2,10,2017,2992,202.42999999999998,134.9,4.033333333333334,37.47000000000003,105.0,983.5899999999999,717780.8,51,8,2
229.9,35,640,1,335,4.1,59,23,8,2,1,2018,2992,178.96666666666667,108.0,4.033333333333334,50.93333333333334,121.9,942.5899999999999,687860.8,51,8,2
204.6181818,35,640,1,335,4.1,90,20,8,2,2,2018,2992,139.4138889,108.0,4.066666666666666,65.20429290000001,96.6181818,838.9345453799999,612217.5999456,51,8,11
167.5,35,640,1,335,4.1,125,22,9,1,3,2018,2992,124.98752830000001,105.6428571,4.066666666666666,42.51247169999999,61.8571429,686.7499999999999,501160.0,51,8,16
150.3423077,35,640,1,335,4.1,178,21,9,1,4,2018,2992,120.26065276666667,105.0,4.066666666666666,30.081654933333326,45.34230769999999,616.4034615699999,449824.1846384,51,8,26
145.1666667,35,640,1,335,4.1,260,23,8,3,5,2018,2992,113.77459113333333,103.7925234,4.066666666666666,31.392075566666676,41.374143300000014,595.18333347,434338.66676640004,51,8,30
152.6333333,35,640,1,335,4.1,93,21,9,0,6,2018,2992,120.74000000000001,105.0,4.066666666666666,31.893333299999995,47.633333300000004,625.7966665299999,456678.9332336,51,8,3
157.1428571,35,640,1,335,4.1,122,22,9,1,7,2018,2992,126.12121213333334,105.0,4.066666666666666,31.021644966666642,52.142857099999986,644.2857141099998,470171.42844319995,51,8,14
157.9454545,35,640,1,335,4.1,61,23,8,1,8,2018,2992,120.85030303333333,105.0,4.066666666666666,37.09515146666668,52.94545450000001,647.57636345,472572.79986400006,51,8,11
99.9,57,272,1,2500,4.4,64,22,8,4,11,2017,12000,70.58476190333333,36.85428571,4.066666666666666,29.315238096666675,63.04571429000001,439.56000000000006,1198800.0,21,4,1
99.9,57,272,1,2500,4.4,40,21,10,1,12,2017,12000,91.60000000000001,75.0,4.3,8.299999999999997,24.900000000000006,439.56000000000006,1198800.0,21,4,3
99.9,57,272,1,2500,4.4,125,23,8,2,1,2018,12000,69.4317757,38.4,4.066666666666666,30.468224300000003,61.50000000000001,439.56000000000006,1198800.0,21,4,13
99.9,57,272,1,2500,4.4,52,20,8,2,2,2018,12000,69.4,38.4,4.066666666666666,30.5,61.50000000000001,439.56000000000006,1198800.0,21,4,13
99.9,57,272,1,2500,4.4,83,22,9,1,3,2018,12000,68.42857143,35.48571429,4.066666666666666,31.47142857,64.41428571,439.56000000000006,1198800.0,21,4,12
99.9,57,272,1,2500,4.4,92,21,9,1,4,2018,12000,68.26666666666667,35.0,4.066666666666666,31.63333333333334,64.9,439.56000000000006,1198800.0,21,4,13
99.9,57,272,1,2500,4.4,95,23,8,3,5,2018,12000,68.26666666666667,35.0,4.066666666666666,31.63333333333334,64.9,439.56000000000006,1198800.0,21,4,13
99.9,57,272,1,2500,4.4,18,21,9,0,6,2018,12000,74.93333333333334,35.0,4.066666666666666,24.96666666666667,64.9,439.56000000000006,1198800.0,21,4,10
78.53571429,57,272,1,2500,4.4,22,22,9,1,7,2018,12000,67.81190476333335,35.0,4.066666666666666,10.723809526666656,43.53571429,345.55714287600006,942428.57148,21,4,14
83.83333333,57,272,1,2500,4.4,19,23,8,1,8,2018,12000,74.02222221,35.0,4.066666666666666,9.811111120000007,48.83333333,368.86666665200005,1005999.99996,21,4,9
229.9,42,236,1,342,4.1,48,23,8,1,8,2017,3510,190.15641026666665,160.6692308,4.033333333333334,39.74358973333335,69.2307692,942.5899999999999,806949.0,48,8,8
219.06,42,236,1,342,4.1,54,21,9,1,9,2017,3510,177.46952380000002,148.7785714,4.033333333333334,41.59047619999998,70.2814286,898.146,768900.6,48,8,10
216.15,42,236,1,342,4.1,43,22,9,2,10,2017,3510,194.51333333333332,134.9,4.033333333333334,21.636666666666684,81.25,886.2149999999999,758686.5,48,8,8
203.2909091,42,236,1,342,4.1,91,22,8,4,11,2017,3510,138.47777776666666,108.0,4.066666666666666,64.81313133333333,95.2909091,833.4927273099999,713551.090941,48,8,12
224.5428571,42,236,1,342,4.1,73,21,10,1,12,2017,3510,147.65333333333334,108.0,4.066666666666666,76.88952376666666,116.54285709999999,920.6257141099999,788145.428421,48,8,28
220.77,42,236,1,342,4.1,59,23,8,2,1,2018,3510,175.92333333333332,108.0,4.033333333333334,44.84666666666669,112.77000000000001,905.1569999999999,774902.7000000001,48,8,10
205.6857143,42,236,1,342,4.1,90,20,8,2,2,2018,3510,139.4138889,108.0,4.066666666666666,66.27182540000001,97.6857143,843.3114286299999,721956.857193,48,8,21
216.1875,42,236,1,342,4.1,125,22,9,1,3,2018,3510,124.98752830000001,105.6428571,4.066666666666666,91.19997169999999,110.5446429,886.36875,758818.125,48,8,16
204.3846154,42,236,1,342,4.1,178,21,9,1,4,2018,3510,120.26065276666667,105.0,4.066666666666666,84.12396263333333,99.3846154,837.9769231399999,717390.0000540001,48,8,13
199.0,42,236,1,342,4.1,260,23,8,3,5,2018,3510,113.77459113333333,103.7925234,4.066666666666666,85.22540886666667,95.2074766,815.9,698490.0,48,8,17
64.99,59,492,2,200,3.9,9,22,9,1,1,2017,3960,64.99,64.99,3.9,0.0,0.0,253.46099999999998,257360.4,39,6,1
64.99,59,492,2,200,3.9,19,20,8,2,2,2017,3960,49.98999999999999,19.99,4.033333333333333,15.000000000000007,45.0,253.46099999999998,257360.4,39,6,5
64.99,59,492,2,200,3.9,25,23,8,1,3,2017,3960,58.32333333333332,19.99,4.1,6.666666666666671,45.0,253.46099999999998,257360.4,39,6,9
64.99,59,492,2,200,3.9,23,20,10,2,4,2017,3960,49.98999999999999,19.99,4.033333333333333,15.000000000000007,45.0,253.46099999999998,257360.4,39,6,9
64.99,59,492,2,200,3.9,41,23,8,1,5,2017,3960,58.32333333333332,19.99,4.1,6.666666666666671,45.0,253.46099999999998,257360.4,39,6,16
58.79952381,59,492,2,200,3.9,53,22,8,1,6,2017,3960,56.25984127,19.99,4.1,2.539682539999994,38.80952381,229.31814285899998,232846.11428759998,39,6,21
59.25666667,59,492,2,200,3.9,61,21,10,1,7,2017,3960,56.41222222333332,19.99,4.1,2.844444446666678,39.266666670000006,231.101000013,234656.4000132,39,6,15
58.99,59,492,2,200,3.9,82,23,8,1,8,2017,3960,57.45913580333333,23.39740741,4.1,1.5308641966666698,35.59259259,230.061,233600.4,39,6,22
58.99,59,492,2,200,3.9,89,21,9,1,9,2017,3960,57.656666666666666,23.99,4.1,1.3333333333333357,35.0,230.061,233600.4,39,6,25
58.99,59,492,2,200,3.9,81,22,9,2,10,2017,3960,57.656666666666666,23.99,4.1,1.3333333333333357,35.0,230.061,233600.4,39,6,19
58.99,59,492,2,200,3.9,139,22,8,4,11,2017,3960,57.656666666666666,23.99,4.1,1.3333333333333357,35.0,230.061,233600.4,39,6,24
58.99,59,492,2,200,3.9,112,21,10,1,12,2017,3960,57.656666666666666,23.99,4.1,1.3333333333333357,35.0,230.061,233600.4,39,6,9
58.99,59,492,2,200,3.9,98,23,8,2,1,2018,3960,57.656666666666666,23.99,4.1,1.3333333333333357,35.0,230.061,233600.4,39,6,6
58.99,59,492,2,200,3.9,126,20,8,2,2,2018,3960,57.656666666666666,23.99,4.1,1.3333333333333357,35.0,230.061,233600.4,39,6,14
58.99,59,492,2,200,3.9,169,22,9,1,3,2018,3960,55.57333333333333,23.99,4.1,3.4166666666666714,35.0,230.061,233600.4,39,6,10
58.99,59,492,2,200,3.9,118,21,9,1,4,2018,3960,65.99,58.99,3.966666666666667,-6.999999999999993,0.0,230.061,233600.4,39,6,11
58.99,59,492,2,200,3.9,159,23,8,3,5,2018,3960,54.32333333333333,23.99,4.1,4.666666666666671,35.0,230.061,233600.4,39,6,4
58.99,59,492,2,200,3.9,131,21,9,0,6,2018,3960,54.32333333333333,23.99,4.1,4.666666666666671,35.0,230.061,233600.4,39,6,6
58.99,59,492,2,200,3.9,113,22,9,1,7,2018,3960,54.32333333333333,23.99,4.1,4.666666666666671,35.0,230.061,233600.4,39,6,2
58.99,59,492,2,200,3.9,127,23,8,1,8,2018,3960,55.26714285666666,23.99,4.1,3.722857143333343,35.0,230.061,233600.4,39,6,3
99.0,55,312,1,1550,3.3,50,22,9,2,10,2017,20944,78.28333333333335,45.95,3.733333333333333,20.716666666666654,53.05,326.7,2073456.0,2,0,8
99.0,55,312,1,1550,3.3,97,22,8,4,11,2017,20944,76.47727272666667,40.53181818,3.733333333333333,22.52272727333333,58.46818182,326.7,2073456.0,2,0,22
99.0,55,312,1,1550,3.3,41,21,10,1,12,2017,20944,75.82607843000001,39.99,3.733333333333333,23.17392156999999,59.01,326.7,2073456.0,2,0,7
98.3,55,312,1,1550,3.3,62,23,8,2,1,2018,20944,75.06333333333333,39.99,3.733333333333333,23.236666666666665,58.309999999999995,324.39,2058795.2,2,0,11
92.0,55,312,1,1550,3.3,62,20,8,2,2,2018,20944,72.96333333333334,39.99,3.733333333333333,19.03666666666666,52.01,303.59999999999997,1926848.0,2,0,13
92.0,55,312,1,1550,3.3,43,22,9,1,3,2018,20944,72.96333333333334,39.99,3.733333333333333,19.03666666666666,52.01,303.59999999999997,1926848.0,2,0,3
90.875,55,312,1,1550,3.3,34,21,9,1,4,2018,20944,71.97000000000001,39.99,3.733333333333333,18.904999999999987,50.885,299.8875,1903286.0,2,0,9
88.24,55,312,1,1550,3.3,57,23,8,3,5,2018,20944,70.62653846,39.99,3.733333333333333,17.61346153999999,48.24999999999999,291.19199999999995,1848098.5599999998,2,0,14
84.9,55,312,1,1550,3.3,43,21,9,0,6,2018,20944,68.26333333333334,39.99,3.733333333333333,16.63666666666667,44.910000000000004,280.17,1778145.6,2,0,14
84.9,55,312,1,1550,3.3,26,22,9,1,7,2018,20944,67.60777777666668,39.99,3.733333333333333,17.292222223333326,44.910000000000004,280.17,1778145.6,2,0,9
84.9,55,312,1,1550,3.3,15,23,8,1,8,2018,20944,66.04666666666667,39.24,3.733333333333333,18.85333333333334,45.660000000000004,280.17,1778145.6,2,0,1
99.99,47,1893,1,6050,4.1,3,20,8,2,2,2017,8000,99.99,99.99,4.1,0.0,0.0,409.95899999999995,799920.0,25,5,1
99.99,47,1893,1,6050,4.1,21,23,8,1,3,2017,8000,99.99,99.99,4.1,0.0,0.0,409.95899999999995,799920.0,25,5,11
96.65666667,47,1893,1,6050,4.1,17,20,10,2,4,2017,8000,96.65666667,96.65666667,4.1,0.0,0.0,396.292333347,773253.33336,25,5,8
109.99,47,1893,1,6050,4.1,34,23,8,1,5,2017,8000,76.59666666666666,59.9,4.133333333333334,33.39333333333333,50.089999999999996,450.95899999999995,879920.0,25,5,2
119.99,47,1893,1,6050,4.1,26,22,8,1,6,2017,8000,79.92999999999999,59.9,4.133333333333334,40.06,60.089999999999996,491.95899999999995,959920.0,25,5,2
120.0,47,1893,1,6050,4.1,74,21,10,1,7,2017,8000,59.9,59.9,4.133333333333334,60.1,60.1,491.99999999999994,960000.0,25,5,2
104.25,47,1893,1,6050,4.1,115,21,9,1,9,2017,8000,59.9,59.9,4.133333333333334,44.35,44.35,427.42499999999995,834000.0,25,5,4
92.594,47,1893,1,6050,4.1,146,22,9,2,10,2017,8000,59.9,59.9,4.133333333333334,32.693999999999996,32.693999999999996,379.63539999999995,740752.0,25,5,12
89.99,47,1893,1,6050,4.1,339,22,8,4,11,2017,8000,53.28031332666666,52.40694444,4.133333333333334,36.70968667333334,37.58305556,368.95899999999995,719920.0,25,5,21
89.99,47,1893,1,6050,4.1,184,21,10,1,12,2017,8000,55.425000000000004,55.1,4.133333333333334,34.56499999999999,34.88999999999999,368.95899999999995,719920.0,25,5,14
123.3316667,47,1893,1,6050,4.1,137,23,8,2,1,2018,8000,49.9,49.9,4.133333333333334,73.4316667,73.4316667,505.65983346999997,986653.3336,25,5,12
120.0,47,1893,1,6050,4.1,160,20,8,2,2,2018,8000,50.60076805,50.35714286,4.133333333333334,69.39923195,69.64285713999999,491.99999999999994,960000.0,25,5,14
113.3333333,47,1893,1,6050,4.1,116,22,9,1,3,2018,8000,53.9,53.9,4.133333333333334,59.43333330000001,59.43333330000001,464.66666653,906666.6664000001,25,5,6
110.0,47,1893,1,6050,4.1,111,21,9,1,4,2018,8000,53.9,53.9,4.133333333333334,56.1,56.1,450.99999999999994,880000.0,25,5,7
110.0,47,1893,1,6050,4.1,102,23,8,3,5,2018,8000,53.39419002333333,53.05789474,4.133333333333334,56.60580997666667,56.94210526,450.99999999999994,880000.0,25,5,8
96.65666667,47,1893,1,6050,4.1,58,21,9,0,6,2018,8000,49.9,49.9,4.133333333333334,46.75666667000001,46.75666667000001,396.292333347,773253.33336,25,5,10
99.99,47,1893,1,6050,4.1,54,22,9,1,7,2018,8000,49.903333333333336,49.9,4.133333333333334,50.08666666666666,50.089999999999996,409.95899999999995,799920.0,25,5,5
99.99,47,1893,1,6050,4.1,46,23,8,1,8,2018,8000,49.903333333333336,49.9,4.133333333333334,50.08666666666666,50.089999999999996,409.95899999999995,799920.0,25,5,2
89.9,54,245,1,1383,3.9,2,20,8,2,2,2017,20000,89.90000000000002,89.9,3.9,-1.4210854715202004e-14,0.0,350.61,1798000.0,1,0,2
89.9,54,245,1,1383,3.9,20,23,8,1,3,2017,20000,89.90000000000002,89.9,3.9,-1.4210854715202004e-14,0.0,350.61,1798000.0,1,0,22
89.9,54,245,1,1383,3.9,31,20,10,2,4,2017,20000,89.90000000000002,89.9,3.9,-1.4210854715202004e-14,0.0,350.61,1798000.0,1,0,34
89.9,54,245,1,1383,3.9,57,23,8,1,5,2017,20000,116.94999999999999,45.95,4.1000000000000005,-27.049999999999983,43.95,350.61,1798000.0,1,0,58
89.9,54,245,1,1383,3.9,61,22,8,1,6,2017,20000,114.94999999999999,45.95,4.1000000000000005,-25.049999999999983,43.95,350.61,1798000.0,1,0,51
89.9,54,245,1,1383,3.9,123,21,10,1,7,2017,20000,113.61666666666666,45.95,4.1000000000000005,-23.716666666666654,43.95,350.61,1798000.0,1,0,60
89.9,54,245,1,1383,3.9,90,23,8,1,8,2017,20000,111.78660130000002,45.95,4.1000000000000005,-21.88660130000001,43.95,350.61,1798000.0,1,0,37
89.9,54,245,1,1383,3.9,54,21,9,1,9,2017,20000,99.7495699,45.95,4.1000000000000005,-9.849569899999992,43.95,350.61,1798000.0,1,0,23
89.9,54,245,1,1383,3.9,50,22,9,2,10,2017,20000,75.25,45.95,3.9333333333333336,14.650000000000006,43.95,350.61,1798000.0,1,0,14
89.9,54,245,1,1383,3.9,97,22,8,4,11,2017,20000,73.44393939333334,40.53181818,3.9333333333333336,16.456060606666668,49.368181820000004,350.61,1798000.0,1,0,40
88.48823529,54,245,1,1383,3.9,41,21,10,1,12,2017,20000,72.32215686,39.99,3.9333333333333336,16.16607843,48.498235290000004,345.104117631,1769764.7058,1,0,18
86.9,54,245,1,1383,3.9,62,23,8,2,1,2018,20000,71.26333333333334,39.99,3.9333333333333336,15.63666666666667,46.910000000000004,338.91,1738000.0,1,0,17
86.9,54,245,1,1383,3.9,62,20,8,2,2,2018,20000,71.26333333333334,39.99,3.9333333333333336,15.63666666666667,46.910000000000004,338.91,1738000.0,1,0,22
86.9,54,245,1,1383,3.9,43,22,9,1,3,2018,20000,71.26333333333334,39.99,3.9333333333333336,15.63666666666667,46.910000000000004,338.91,1738000.0,1,0,17
85.045,54,245,1,1383,3.9,34,21,9,1,4,2018,20000,70.02666666666667,39.99,3.9333333333333336,15.01833333333333,45.055,331.6755,1700900.0,1,0,6
83.64961538,54,245,1,1383,3.9,57,23,8,3,5,2018,20000,69.09641025333333,39.99,3.9333333333333336,14.553205126666668,43.65961538,326.233499982,1672992.3076,1,0,26
79.9,54,245,1,1383,3.9,43,21,9,0,6,2018,20000,66.59666666666668,39.99,3.9333333333333336,13.303333333333327,39.910000000000004,311.61,1598000.0,1,0,23
77.93333333,54,245,1,1383,3.9,26,22,9,1,7,2018,20000,65.28555555333334,39.99,3.9333333333333336,12.647777776666658,37.943333329999994,303.93999998699996,1558666.6665999999,1,0,10
74.0,54,245,1,1383,3.9,15,23,8,1,8,2018,20000,62.413333333333334,39.24,3.9333333333333336,11.586666666666666,34.76,288.59999999999997,1480000.0,1,0,7
38.4,41,789,1,950,3.8,14,23,8,1,8,2017,14000,50.6,38.4,3.8666666666666667,-12.200000000000003,0.0,145.92,537600.0,20,4,1
38.4,41,789,1,950,3.8,7,21,9,1,9,2017,14000,38.4,38.4,3.766666666666667,0.0,0.0,145.92,537600.0,20,4,6
38.4,41,789,1,950,3.8,17,22,9,2,10,2017,14000,50.6,38.4,3.8666666666666667,-12.200000000000003,0.0,145.92,537600.0,20,4,8
34.58117647,41,789,1,950,3.8,64,22,8,4,11,2017,14000,70.58476190333333,36.85428571,4.066666666666666,-36.00358543333333,-2.2731092399999966,131.408470586,484136.47058,20,4,34
38.4,41,789,1,950,3.8,40,21,10,1,12,2017,14000,71.10000000000001,38.4,4.1000000000000005,-32.70000000000001,0.0,145.92,537600.0,20,4,4
38.4,41,789,1,950,3.8,125,23,8,2,1,2018,14000,69.4317757,38.4,4.066666666666666,-31.031775700000004,0.0,145.92,537600.0,20,4,15
38.4,41,789,1,950,3.8,52,20,8,2,2,2018,14000,69.4,38.4,4.066666666666666,-31.000000000000007,0.0,145.92,537600.0,20,4,4
35.48571429,41,789,1,950,3.8,83,22,9,1,3,2018,14000,68.42857143,35.48571429,4.066666666666666,-32.94285714000001,0.0,134.84571430199998,496800.00005999993,20,4,14
35.0,41,789,1,950,3.8,92,21,9,1,4,2018,14000,68.26666666666667,35.0,4.066666666666666,-33.266666666666666,0.0,133.0,490000.0,20,4,4
35.0,41,789,1,950,3.8,95,23,8,3,5,2018,14000,68.26666666666667,35.0,4.066666666666666,-33.266666666666666,0.0,133.0,490000.0,20,4,4
35.0,41,789,1,950,3.8,18,21,9,0,6,2018,14000,74.93333333333334,35.0,4.066666666666666,-39.93333333333334,0.0,133.0,490000.0,20,4,2
35.0,41,789,1,950,3.8,19,23,8,1,8,2018,14000,74.02222221,35.0,4.066666666666666,-39.022222209999995,0.0,133.0,490000.0,20,4,1
108.0,58,3006,2,1000,4.2,91,22,8,4,11,2017,7632,138.47777776666666,108.0,4.066666666666666,-30.477777766666662,0.0,453.6,824256.0,47,8,13
108.0,58,3006,2,1000,4.2,73,21,10,1,12,2017,7632,147.65333333333334,108.0,4.066666666666666,-39.653333333333336,0.0,453.6,824256.0,47,8,13
108.0,58,3006,2,1000,4.2,59,23,8,2,1,2018,7632,138.33333333333334,108.0,4.066666666666666,-30.333333333333343,0.0,453.6,824256.0,47,8,44
108.0,58,3006,2,1000,4.2,90,20,8,2,2,2018,7632,139.4138889,108.0,4.066666666666666,-31.41388889999999,0.0,453.6,824256.0,47,8,33
105.6428571,58,3006,2,1000,4.2,125,22,9,1,3,2018,7632,124.98752830000001,105.6428571,4.066666666666666,-19.344671200000008,0.0,443.69999982,806266.2853872,47,8,21
105.0,58,3006,2,1000,4.2,178,21,9,1,4,2018,7632,120.26065276666667,105.0,4.066666666666666,-15.260652766666666,0.0,441.0,801360.0,47,8,21
105.0,58,3006,2,1000,4.2,260,23,8,3,5,2018,7632,113.77459113333333,103.7925234,4.066666666666666,-8.774591133333331,1.2074766000000068,441.0,801360.0,47,8,37
105.0,58,3006,2,1000,4.2,93,21,9,0,6,2018,7632,120.74000000000001,105.0,4.066666666666666,-15.740000000000009,0.0,441.0,801360.0,47,8,28
105.0,58,3006,2,1000,4.2,122,22,9,1,7,2018,7632,126.12121213333334,105.0,4.066666666666666,-21.121212133333344,0.0,441.0,801360.0,47,8,8
105.0,58,3006,2,1000,4.2,61,23,8,1,8,2018,7632,120.85030303333333,105.0,4.066666666666666,-15.850303033333333,0.0,441.0,801360.0,47,8,7
78.0,59,319,4,250,3.9,6,23,8,1,3,2017,640,132.33533333333332,78.0,3.8666666666666667,-54.335333333333324,0.0,304.2,49920.0,46,8,1
78.0,59,319,4,250,3.9,17,22,8,1,6,2017,640,142.0,78.0,3.9666666666666663,-64.0,0.0,304.2,49920.0,46,8,3
78.0,59,319,4,250,3.9,29,21,10,1,7,2017,640,145.6579697,78.0,3.9666666666666663,-67.6579697,0.0,304.2,49920.0,46,8,1
78.0,59,319,4,250,3.9,48,23,8,1,8,2017,640,139.52307693333333,78.0,3.9666666666666663,-61.52307693333333,0.0,304.2,49920.0,46,8,5
78.0,59,319,4,250,3.9,43,22,9,2,10,2017,640,148.46333333333334,78.0,3.9666666666666663,-70.46333333333334,0.0,304.2,49920.0,46,8,3
78.0,59,319,4,250,3.9,91,22,8,4,11,2017,640,138.47777776666666,108.0,4.066666666666666,-60.47777776666666,-30.0,304.2,49920.0,46,8,2
78.0,59,319,4,250,3.9,73,21,10,1,12,2017,640,147.65333333333334,108.0,4.066666666666666,-69.65333333333334,-30.0,304.2,49920.0,46,8,6
78.0,59,319,4,250,3.9,59,23,8,2,1,2018,640,128.33333333333334,78.0,3.9666666666666663,-50.33333333333334,0.0,304.2,49920.0,46,8,9
78.0,59,319,4,250,3.9,90,20,8,2,2,2018,640,139.4138889,108.0,4.066666666666666,-61.41388889999999,-30.0,304.2,49920.0,46,8,1
78.0,59,319,4,250,3.9,125,22,9,1,3,2018,640,124.98752830000001,105.6428571,4.066666666666666,-46.98752830000001,-27.6428571,304.2,49920.0,46,8,1
78.0,59,319,4,250,3.9,178,21,9,1,4,2018,640,120.26065276666667,105.0,4.066666666666666,-42.26065276666667,-27.0,304.2,49920.0,46,8,16
78.0,59,319,4,250,3.9,260,23,8,3,5,2018,640,113.77459113333333,103.7925234,4.066666666666666,-35.77459113333333,-25.792523399999993,304.2,49920.0,46,8,5
78.0,59,319,4,250,3.9,93,21,9,0,6,2018,640,120.74000000000001,105.0,4.066666666666666,-42.74000000000001,-27.0,304.2,49920.0,46,8,39
78.0,59,319,4,250,3.9,122,22,9,1,7,2018,640,126.12121213333334,105.0,4.066666666666666,-48.121212133333344,-27.0,304.2,49920.0,46,8,40
77.82142857,59,319,4,250,3.9,61,23,8,1,8,2018,640,120.85030303333333,105.0,4.066666666666666,-43.02887446333334,-27.178571430000005,303.503571423,49805.71428479999,46,8,28
75.0,44,903,6,2600,4.1,5,21,10,1,7,2017,15000,62.800000000000004,38.4,3.9666666666666663,12.199999999999996,36.6,307.5,1125000.0,19,4,5
75.0,44,903,6,2600,4.1,14,23,8,1,8,2017,15000,62.800000000000004,38.4,3.9666666666666663,12.199999999999996,36.6,307.5,1125000.0,19,4,13
75.0,44,903,6,2600,4.1,17,22,9,2,10,2017,15000,62.800000000000004,38.4,3.9666666666666663,12.199999999999996,36.6,307.5,1125000.0,19,4,5
75.0,44,903,6,2600,4.1,64,22,8,4,11,2017,15000,70.58476190333333,36.85428571,4.066666666666666,4.41523809666667,38.14571429,307.5,1125000.0,19,4,44
75.0,44,903,6,2600,4.1,40,21,10,1,12,2017,15000,83.3,75.0,4.2,-8.299999999999997,0.0,307.5,1125000.0,19,4,47
69.9,44,903,6,2600,4.1,52,20,8,2,2,2018,15000,69.4,38.4,4.066666666666666,0.5,31.500000000000007,286.59,1048500.0000000001,19,4,44
69.9,44,903,6,2600,4.1,83,22,9,1,3,2018,15000,68.42857143,35.48571429,4.066666666666666,1.4714285700000005,34.41428571000001,286.59,1048500.0000000001,19,4,65
89.9,44,903,6,2600,4.1,18,21,9,0,6,2018,15000,74.93333333333334,35.0,4.066666666666666,14.966666666666669,54.900000000000006,368.59,1348500.0,19,4,2
89.9,44,903,6,2600,4.1,22,22,9,1,7,2018,15000,67.81190476333335,35.0,4.066666666666666,22.08809523666666,54.900000000000006,368.59,1348500.0,19,4,2
103.2333333,44,903,6,2600,4.1,19,23,8,1,8,2018,15000,74.02222221,35.0,4.066666666666666,29.211111090000003,68.2333333,423.25666652999996,1548499.9995,19,4,3
59.9,59,341,2,1850,4.3,17,20,10,2,4,2017,32560,59.9,59.9,4.3,0.0,0.0,257.57,1950344.0,24,5,5
59.9,59,341,2,1850,4.3,34,23,8,1,5,2017,32560,59.9,59.9,4.2,0.0,0.0,257.57,1950344.0,24,5,2
59.9,59,341,2,1850,4.3,26,22,8,1,6,2017,32560,59.9,59.9,4.2,0.0,0.0,257.57,1950344.0,24,5,5
59.9,59,341,2,1850,4.3,74,21,10,1,7,2017,32560,59.9,59.9,4.133333333333334,0.0,0.0,257.57,1950344.0,24,5,15
59.9,59,341,2,1850,4.3,113,23,8,1,8,2017,32560,59.9,59.9,4.133333333333334,0.0,0.0,257.57,1950344.0,24,5,19
59.9,59,341,2,1850,4.3,115,21,9,1,9,2017,32560,59.9,59.9,4.133333333333334,0.0,0.0,257.57,1950344.0,24,5,34
59.9,59,341,2,1850,4.3,146,22,9,2,10,2017,32560,59.9,59.9,4.133333333333334,0.0,0.0,257.57,1950344.0,24,5,13
54.45,59,341,2,1850,4.3,339,22,8,4,11,2017,32560,53.28031332666666,52.40694444,4.133333333333334,1.169686673333345,2.043055560000006,234.135,1772892.0,24,5,9
49.9,59,341,2,1850,4.3,184,21,10,1,12,2017,32560,55.425000000000004,55.1,4.133333333333334,-5.525000000000006,-5.200000000000003,214.57,1624744.0,24,5,1
49.9,59,341,2,1850,4.3,137,23,8,2,1,2018,32560,49.9,49.9,4.133333333333334,0.0,0.0,214.57,1624744.0,24,5,1
51.23333333,59,341,2,1850,4.3,160,20,8,2,2,2018,32560,50.60076805,50.35714286,4.133333333333334,0.6325652800000015,0.8761904699999974,220.303333319,1668157.3332248,24,5,4
53.9,59,341,2,1850,4.3,116,22,9,1,3,2018,32560,53.9,53.9,4.133333333333334,0.0,0.0,231.76999999999998,1754984.0,24,5,2
53.9,59,341,2,1850,4.3,111,21,9,1,4,2018,32560,53.9,53.9,4.133333333333334,0.0,0.0,231.76999999999998,1754984.0,24,5,2
49.9,59,341,2,1850,4.3,102,23,8,3,5,2018,32560,53.39419002333333,53.05789474,4.133333333333334,-3.4941900233333314,-3.1578947400000033,214.57,1624744.0,24,5,4
49.9,59,341,2,1850,4.3,58,21,9,0,6,2018,32560,49.9,49.9,4.133333333333334,0.0,0.0,214.57,1624744.0,24,5,5
49.9,59,341,2,1850,4.3,54,22,9,1,7,2018,32560,49.903333333333336,49.9,4.133333333333334,-0.003333333333337407,0.0,214.57,1624744.0,24,5,3
49.9,59,341,2,1850,4.3,46,23,8,1,8,2018,32560,49.903333333333336,49.9,4.133333333333334,-0.003333333333337407,0.0,214.57,1624744.0,24,5,3
38.4,49,829,1,850,3.7,5,21,10,1,7,2017,10000,50.6,38.4,3.8333333333333335,-12.200000000000003,0.0,142.08,384000.0,18,4,1
38.4,49,829,1,850,3.7,14,23,8,1,8,2017,10000,50.6,38.4,3.8333333333333335,-12.200000000000003,0.0,142.08,384000.0,18,4,8
38.4,49,829,1,850,3.7,7,21,9,1,9,2017,10000,38.4,38.4,3.7000000000000006,0.0,0.0,142.08,384000.0,18,4,12
38.4,49,829,1,850,3.7,17,22,9,2,10,2017,10000,50.6,38.4,3.8333333333333335,-12.200000000000003,0.0,142.08,384000.0,18,4,25
36.85428571,49,829,1,850,3.7,64,22,8,4,11,2017,10000,70.58476190333333,36.85428571,4.066666666666666,-33.73047619333333,0.0,136.360857127,368542.85709999996,18,4,28
38.4,49,829,1,850,3.7,125,23,8,2,1,2018,10000,69.4317757,38.4,4.066666666666666,-31.031775700000004,0.0,142.08,384000.0,18,4,2
38.4,49,829,1,850,3.7,52,20,8,2,2,2018,10000,69.4,38.4,4.066666666666666,-31.000000000000007,0.0,142.08,384000.0,18,4,9
35.48571429,49,829,1,850,3.7,83,22,9,1,3,2018,10000,68.42857143,35.48571429,4.066666666666666,-32.94285714000001,0.0,131.29714287299998,354857.1429,18,4,17
35.0,49,829,1,850,3.7,92,21,9,1,4,2018,10000,68.26666666666667,35.0,4.066666666666666,-33.266666666666666,0.0,129.5,350000.0,18,4,17
35.0,49,829,1,850,3.7,95,23,8,3,5,2018,10000,68.26666666666667,35.0,4.066666666666666,-33.266666666666666,0.0,129.5,350000.0,18,4,11
35.0,49,829,1,850,3.7,18,21,9,0,6,2018,10000,74.93333333333334,35.0,4.066666666666666,-39.93333333333334,0.0,129.5,350000.0,18,4,13
35.0,49,829,1,850,3.7,22,22,9,1,7,2018,10000,67.81190476333335,35.0,4.066666666666666,-32.811904763333345,0.0,129.5,350000.0,18,4,10
35.0,49,829,1,850,3.7,19,23,8,1,8,2018,10000,74.02222221,35.0,4.066666666666666,-39.022222209999995,0.0,129.5,350000.0,18,4,16
325.0,60,2644,6,400,4.2,82,23,8,1,8,2017,2992,57.45913580333333,23.39740741,4.1,267.5408641966667,301.60259259,1365.0,972400.0,34,6,6
325.0,60,2644,6,400,4.2,89,21,9,1,9,2017,2992,57.656666666666666,23.99,4.1,267.34333333333336,301.01,1365.0,972400.0,34,6,11
325.0,60,2644,6,400,4.2,81,22,9,2,10,2017,2992,57.656666666666666,23.99,4.1,267.34333333333336,301.01,1365.0,972400.0,34,6,2
325.0,60,2644,6,400,4.2,139,22,8,4,11,2017,2992,57.656666666666666,23.99,4.1,267.34333333333336,301.01,1365.0,972400.0,34,6,12
325.0,60,2644,6,400,4.2,112,21,10,1,12,2017,2992,57.656666666666666,23.99,4.1,267.34333333333336,301.01,1365.0,972400.0,34,6,6
325.0,60,2644,6,400,4.2,98,23,8,2,1,2018,2992,57.656666666666666,23.99,4.1,267.34333333333336,301.01,1365.0,972400.0,34,6,10
325.0,60,2644,6,400,4.2,126,20,8,2,2,2018,2992,57.656666666666666,23.99,4.1,267.34333333333336,301.01,1365.0,972400.0,34,6,23
325.8928571,60,2644,6,400,4.2,169,22,9,1,3,2018,2992,55.57333333333333,23.99,4.1,270.3195237666667,301.9028571,1368.74999982,975071.4284432001,34,6,28
330.0,60,2644,6,400,4.2,118,21,9,1,4,2018,2992,156.32666666666668,58.99,4.066666666666667,173.67333333333332,271.01,1386.0,987360.0,34,6,21
330.0,60,2644,6,400,4.2,159,23,8,3,5,2018,2992,54.32333333333333,23.99,4.1,275.6766666666667,306.01,1386.0,987360.0,34,6,19
330.0,60,2644,6,400,4.2,131,21,9,0,6,2018,2992,54.32333333333333,23.99,4.1,275.6766666666667,306.01,1386.0,987360.0,34,6,16
330.0,60,2644,6,400,4.2,113,22,9,1,7,2018,2992,54.32333333333333,23.99,4.1,275.6766666666667,306.01,1386.0,987360.0,34,6,13
330.0,60,2644,6,400,4.2,127,23,8,1,8,2018,2992,55.26714285666666,23.99,4.1,274.7328571433333,306.01,1386.0,987360.0,34,6,28
99.99,58,1893,1,5950,4.3,3,20,8,2,2,2017,8000,99.99,99.99,4.3,0.0,0.0,429.95699999999994,799920.0,22,5,1
99.99,58,1893,1,5950,4.3,21,23,8,1,3,2017,8000,99.99,99.99,4.3,0.0,0.0,429.95699999999994,799920.0,22,5,5
109.99,58,1893,1,5950,4.3,34,23,8,1,5,2017,8000,76.59666666666666,59.9,4.2,33.39333333333333,50.089999999999996,472.95699999999994,879920.0,22,5,4
109.99,58,1893,1,5950,4.3,26,22,8,1,6,2017,8000,76.59666666666666,59.9,4.2,33.39333333333333,50.089999999999996,472.95699999999994,879920.0,22,5,6
120.0,58,1893,1,5950,4.3,74,21,10,1,7,2017,8000,59.9,59.9,4.133333333333334,60.1,60.1,516.0,960000.0,22,5,1
120.0,58,1893,1,5950,4.3,113,23,8,1,8,2017,8000,59.9,59.9,4.133333333333334,60.1,60.1,516.0,960000.0,22,5,2
102.5,58,1893,1,5950,4.3,115,21,9,1,9,2017,8000,59.9,59.9,4.133333333333334,42.6,42.6,440.75,820000.0,22,5,7
95.29,58,1893,1,5950,4.3,146,22,9,2,10,2017,8000,59.9,59.9,4.133333333333334,35.39000000000001,35.39000000000001,409.747,762320.0,22,5,17
89.99,58,1893,1,5950,4.3,339,22,8,4,11,2017,8000,53.28031332666666,52.40694444,4.133333333333334,36.70968667333334,37.58305556,386.95699999999994,719920.0,22,5,28
89.99,58,1893,1,5950,4.3,184,21,10,1,12,2017,8000,55.425000000000004,55.1,4.133333333333334,34.56499999999999,34.88999999999999,386.95699999999994,719920.0,22,5,27
127.7272727,58,1893,1,5950,4.3,137,23,8,2,1,2018,8000,49.9,49.9,4.133333333333334,77.82727270000001,77.82727270000001,549.22727261,1021818.1816,22,5,11
120.0,58,1893,1,5950,4.3,160,20,8,2,2,2018,8000,50.60076805,50.35714286,4.133333333333334,69.39923195,69.64285713999999,516.0,960000.0,22,5,7
110.0,58,1893,1,5950,4.3,116,22,9,1,3,2018,8000,53.9,53.9,4.133333333333334,56.1,56.1,473.0,880000.0,22,5,6
110.0,58,1893,1,5950,4.3,111,21,9,1,4,2018,8000,53.9,53.9,4.133333333333334,56.1,56.1,473.0,880000.0,22,5,5
110.0,58,1893,1,5950,4.3,102,23,8,3,5,2018,8000,53.39419002333333,53.05789474,4.133333333333334,56.60580997666667,56.94210526,473.0,880000.0,22,5,2
89.99,58,1893,1,5950,4.3,58,21,9,0,6,2018,8000,49.9,49.9,4.133333333333334,40.089999999999996,40.089999999999996,386.95699999999994,719920.0,22,5,6
99.99,58,1893,1,5950,4.3,54,22,9,1,7,2018,8000,49.903333333333336,49.9,4.133333333333334,50.08666666666666,50.089999999999996,429.95699999999994,799920.0,22,5,7
98.32333333,58,1893,1,5950,4.3,46,23,8,1,8,2018,8000,49.903333333333336,49.9,4.133333333333334,48.41999999666666,48.42333333,422.79033331899996,786586.66664,22,5,6
85.70428571,54,1012,1,1200,4.2,7,20,8,2,2,2017,15750,85.70428570999998,85.70428571,4.2,1.4210854715202004e-14,0.0,359.957999982,1349842.4999324998,13,3,7
99.99,54,1012,1,1200,4.2,22,23,8,1,3,2017,15750,109.99000000000001,99.99,4.233333333333333,-10.000000000000014,0.0,419.95799999999997,1574842.5,13,3,14
99.99,54,1012,1,1200,4.2,33,20,10,2,4,2017,15750,109.99000000000001,99.99,4.233333333333333,-10.000000000000014,0.0,419.95799999999997,1574842.5,13,3,17
99.99,54,1012,1,1200,4.2,58,23,8,1,5,2017,15750,109.99000000000001,99.99,4.233333333333333,-10.000000000000014,0.0,419.95799999999997,1574842.5,13,3,22
99.99,54,1012,1,1200,4.2,42,22,8,1,6,2017,15750,109.99000000000001,99.99,4.233333333333333,-10.000000000000014,0.0,419.95799999999997,1574842.5,13,3,14
99.99,54,1012,1,1200,4.2,42,21,10,1,7,2017,15750,109.99000000000001,99.99,4.233333333333333,-10.000000000000014,0.0,419.95799999999997,1574842.5,13,3,11
99.99,54,1012,1,1200,4.2,39,23,8,1,8,2017,15750,105.63583333333332,99.99,4.233333333333333,-5.645833333333329,0.0,419.95799999999997,1574842.5,13,3,14
99.99,54,1012,1,1200,4.2,10,21,9,1,9,2017,15750,76.49333333333333,29.5,4.266666666666667,23.49666666666667,70.49,419.95799999999997,1574842.5,13,3,3
99.99,54,1012,1,1200,4.2,33,22,9,2,10,2017,15750,106.65666666666665,99.99,4.233333333333333,-6.666666666666657,0.0,419.95799999999997,1574842.5,13,3,2
99.99,54,1012,1,1200,4.2,42,22,8,4,11,2017,15750,109.99000000000001,99.99,4.233333333333333,-10.000000000000014,0.0,419.95799999999997,1574842.5,13,3,4
99.99,54,1012,1,1200,4.2,38,21,10,1,12,2017,15750,109.99000000000001,99.99,4.233333333333333,-10.000000000000014,0.0,419.95799999999997,1574842.5,13,3,3
99.99,54,1012,1,1200,4.2,102,23,8,2,1,2018,15750,86.49333333333334,29.5,4.3,13.496666666666655,70.49,419.95799999999997,1574842.5,13,3,3
99.99,54,1012,1,1200,4.2,20,20,8,2,2,2018,15750,109.99000000000001,99.99,4.233333333333333,-10.000000000000014,0.0,419.95799999999997,1574842.5,13,3,1
99.99,54,1012,1,1200,4.2,45,22,9,1,3,2018,15750,88.32666666666667,35.0,4.3,11.663333333333327,64.99,419.95799999999997,1574842.5,13,3,2
89.86333333,54,1012,1,1200,4.2,18,21,9,1,4,2018,15750,84.95111111,35.0,4.3,4.912222220000004,54.86333333,377.425999986,1415347.4999475,13,3,3
159.99,59,1893,1,6550,4.2,3,20,8,2,2,2017,8000,159.99,159.99,4.2,0.0,0.0,671.9580000000001,1279920.0,8,1,3
159.99,59,1893,1,6550,4.2,3,23,8,1,3,2017,8000,159.99,159.99,4.2,0.0,0.0,671.9580000000001,1279920.0,8,1,3
139.99,59,1893,1,6550,4.2,5,20,10,2,4,2017,8000,139.99,139.99,4.2,0.0,0.0,587.9580000000001,1119920.0,8,1,5
159.99,59,1893,1,6550,4.2,15,22,8,1,6,2017,8000,159.99,159.99,4.2,0.0,0.0,671.9580000000001,1279920.0,8,1,3
139.99,59,1893,1,6550,4.2,17,21,10,1,7,2017,8000,139.99,139.99,4.2,0.0,0.0,587.9580000000001,1119920.0,8,1,6
145.7042857,59,1893,1,6550,4.2,15,23,8,1,8,2017,8000,145.7042857,145.7042857,4.2,0.0,0.0,611.95799994,1165634.2856,8,1,7
151.99,59,1893,1,6550,4.2,15,21,9,1,9,2017,8000,151.99,151.99,4.2,0.0,0.0,638.3580000000001,1215920.0,8,1,11
154.6958824,59,1893,1,6550,4.2,31,22,9,2,10,2017,8000,154.6958824,154.6958824,4.2,0.0,0.0,649.72270608,1237567.0592,8,1,17
149.99,59,1893,1,6550,4.2,36,22,8,4,11,2017,8000,136.62666666666667,109.9,3.966666666666667,13.363333333333344,40.09,629.9580000000001,1199920.0,8,1,18
149.99,59,1893,1,6550,4.2,35,21,10,1,12,2017,8000,136.62666666666667,109.9,3.966666666666667,13.363333333333344,40.09,629.9580000000001,1199920.0,8,1,23
156.5113514,59,1893,1,6550,4.2,152,23,8,2,1,2018,8000,134.8361323,97.6425,4.0,21.675219099999993,58.8688514,657.34767588,1252090.8111999999,8,1,43
149.0,59,1893,1,6550,4.2,202,20,8,2,2,2018,8000,125.87076023333333,78.7122807,4.0,23.12923976666667,70.2877193,625.8000000000001,1192000.0,8,1,31
136.1428571,59,1893,1,6550,4.2,127,22,9,1,3,2018,8000,122.35559004666668,81.02391304,4.0,13.78726705333331,55.11894405999999,571.7999998199999,1089142.8568,8,1,44
120.9230769,59,1893,1,6550,4.2,107,21,9,1,4,2018,8000,117.16324785666666,80.66666667,4.0,3.7598290433333403,40.25641023,507.87692298,967384.6152,8,1,56
119.0,59,1893,1,6550,4.2,78,23,8,3,5,2018,8000,116.23333333333333,79.8,4.0,2.7666666666666657,39.2,499.8,952000.0,8,1,25
114.4911538,59,1893,1,6550,4.2,66,21,9,0,6,2018,8000,114.43038459999998,78.9,4.0,0.06076920000002417,35.5911538,480.8628459600001,915929.2304,8,1,27
119.99,59,1893,1,6550,4.2,43,22,9,1,7,2018,8000,115.92999999999999,77.9,4.0,4.060000000000002,42.08999999999999,503.958,959920.0,8,1,9
119.99,59,1893,1,6550,4.2,18,23,8,1,8,2018,8000,115.92999999999999,77.9,4.0,4.060000000000002,42.08999999999999,503.958,959920.0,8,1,10
339.0,46,501,4,363,3.7,48,23,8,1,8,2017,3042,226.52307693333333,160.6692308,3.9,112.47692306666667,178.3307692,1254.3,1031238.0,50,8,2
339.0,46,501,4,363,3.7,54,21,9,1,9,2017,3042,217.44952380000004,148.7785714,3.9,121.55047619999996,190.2214286,1254.3,1031238.0,50,8,1
346.158,46,501,4,363,3.7,43,22,9,2,10,2017,3042,237.84933333333333,134.9,3.9,108.30866666666668,211.258,1280.7846000000002,1053012.636,50,8,10
345.7066667,46,501,4,363,3.7,91,22,8,4,11,2017,3042,138.47777776666666,108.0,4.066666666666666,207.22888893333337,237.70666670000003,1279.1146667900002,1051639.6801014,50,8,9
348.8,46,501,4,363,3.7,73,21,10,1,12,2017,3042,147.65333333333334,108.0,4.066666666666666,201.14666666666668,240.8,1290.5600000000002,1061049.6,50,8,11
339.9,46,501,4,363,3.7,59,23,8,2,1,2018,3042,215.63333333333333,108.0,3.9,124.26666666666665,231.89999999999998,1257.6299999999999,1033975.7999999999,50,8,1
347.0,46,501,4,363,3.7,90,20,8,2,2,2018,3042,139.4138889,108.0,4.066666666666666,207.5861111,239.0,1283.9,1055574.0,50,8,5
307.8333333,46,501,4,363,3.7,125,22,9,1,3,2018,3042,124.98752830000001,105.6428571,4.066666666666666,182.84580499999998,202.19047619999998,1138.98333321,936428.9998985999,50,8,6
280.6666667,46,501,4,363,3.7,178,21,9,1,4,2018,3042,120.26065276666667,105.0,4.066666666666666,160.40601393333333,175.6666667,1038.46666679,853788.0001014001,50,8,6
258.9695652,46,501,4,363,3.7,260,23,8,3,5,2018,3042,113.77459113333333,103.7925234,4.066666666666666,145.19497406666665,155.17704179999998,958.18739124,787785.4173383999,50,8,23
245.9,46,501,4,363,3.7,93,21,9,0,6,2018,3042,120.74000000000001,105.0,4.066666666666666,125.16,140.9,909.83,748027.8,50,8,4
169.3493182,46,501,4,363,3.7,122,22,9,1,7,2018,3042,126.12121213333334,105.0,4.066666666666666,43.228106066666655,64.3493182,626.5924773400001,515160.6259644,50,8,45
178.0571429,42,363,1,922,4.2,11,23,8,1,5,2017,7650,178.0571429,178.0571429,4.2,0.0,0.0,747.8400001800001,1362137.143185,7,1,15
149.8525,42,363,1,922,4.2,15,22,8,1,6,2017,7650,153.23166666666665,149.8525,4.2,-3.379166666666663,0.0,629.3805,1146371.625,7,1,15
146.6,42,363,1,922,4.2,17,21,10,1,7,2017,7650,144.39666666666668,139.99,4.2,2.203333333333319,6.609999999999985,615.72,1121490.0,7,1,4
144.96,42,363,1,922,4.2,15,23,8,1,8,2017,7650,145.20809523333335,144.96,4.2,-0.24809523333334482,0.0,608.8320000000001,1108944.0,7,1,13
138.59,42,363,1,922,4.2,15,21,9,1,9,2017,7650,143.0566666666667,138.59,4.2,-4.466666666666697,0.0,582.0780000000001,1060213.5,7,1,12
137.9,42,363,1,922,4.2,31,22,9,2,10,2017,7650,143.49862746666668,137.9,4.2,-5.59862746666667,0.0,579.1800000000001,1054935.0,7,1,16
137.9,42,363,1,922,4.2,36,22,8,4,11,2017,7650,132.59666666666666,109.9,3.966666666666667,5.303333333333342,28.0,579.1800000000001,1054935.0,7,1,18
134.9,42,363,1,922,4.2,35,21,10,1,12,2017,7650,131.59666666666666,109.9,3.966666666666667,3.3033333333333417,25.0,566.58,1031985.0,7,1,2
133.0,42,363,1,922,4.2,152,23,8,2,1,2018,7650,134.8361323,97.6425,4.0,-1.8361323000000027,35.3575,558.6,1017450.0,7,1,5
132.97,42,363,1,922,4.2,202,20,8,2,2,2018,7650,125.87076023333333,78.7122807,4.0,7.0992397666666704,54.257719300000005,558.474,1017220.5,7,1,3
29.9,55,388,1,250,4.5,81,22,9,2,10,2017,1200,57.656666666666666,23.99,4.1,-27.756666666666668,5.91,134.54999999999998,35880.0,36,6,1
29.9,55,388,1,250,4.5,139,22,8,4,11,2017,1200,57.656666666666666,23.99,4.1,-27.756666666666668,5.91,134.54999999999998,35880.0,36,6,6
29.9,55,388,1,250,4.5,112,21,10,1,12,2017,1200,57.656666666666666,23.99,4.1,-27.756666666666668,5.91,134.54999999999998,35880.0,36,6,6
29.9,55,388,1,250,4.5,98,23,8,2,1,2018,1200,57.656666666666666,23.99,4.1,-27.756666666666668,5.91,134.54999999999998,35880.0,36,6,15
29.9,55,388,1,250,4.5,126,20,8,2,2,2018,1200,57.656666666666666,23.99,4.1,-27.756666666666668,5.91,134.54999999999998,35880.0,36,6,16
29.9,55,388,1,250,4.5,169,22,9,1,3,2018,1200,55.57333333333333,23.99,4.1,-25.673333333333332,5.91,134.54999999999998,35880.0,36,6,11
29.9,55,388,1,250,4.5,118,21,9,1,4,2018,1200,56.29333333333333,29.9,4.166666666666667,-26.39333333333333,0.0,134.54999999999998,35880.0,36,6,22
29.9,55,388,1,250,4.5,159,23,8,3,5,2018,1200,54.32333333333333,23.99,4.1,-24.423333333333332,5.91,134.54999999999998,35880.0,36,6,22
29.9,55,388,1,250,4.5,131,21,9,0,6,2018,1200,54.32333333333333,23.99,4.1,-24.423333333333332,5.91,134.54999999999998,35880.0,36,6,7
29.9,55,388,1,250,4.5,113,22,9,1,7,2018,1200,54.32333333333333,23.99,4.1,-24.423333333333332,5.91,134.54999999999998,35880.0,36,6,18
29.9,55,388,1,250,4.5,127,23,8,1,8,2018,1200,55.26714285666666,23.99,4.1,-25.36714285666666,5.91,134.54999999999998,35880.0,36,6,13
241.006,35,514,2,4338,3.8,6,23,8,1,3,2017,2856,241.006,241.006,3.7999999999999994,0.0,0.0,915.8227999999999,688313.136,44,8,5
255.61,35,514,2,4338,3.8,3,20,10,2,4,2017,2856,255.61,255.61,3.7999999999999994,0.0,0.0,971.318,730022.16,44,8,3
185.0,35,514,2,4338,3.8,17,22,8,1,6,2017,2856,177.66666666666666,163.0,3.9333333333333336,7.333333333333343,22.0,703.0,528360.0,44,8,5
197.383,35,514,2,4338,3.8,29,21,10,1,7,2017,2856,185.45230303333335,161.5909091,3.9333333333333336,11.930696966666659,35.792090900000005,750.0554,563725.848,44,8,10
179.9,35,514,2,4338,3.8,48,23,8,1,8,2017,2856,173.4897436,160.6692308,3.9333333333333336,6.410256400000009,19.230769199999997,683.62,513794.4,44,8,15
164.57,35,514,2,4338,3.8,54,21,9,1,9,2017,2856,159.30619046666666,148.7785714,3.9333333333333336,5.26380953333333,15.791428599999989,625.366,470011.92,44,8,20
232.49,35,514,2,4338,3.8,43,22,9,2,10,2017,2856,199.96,134.9,3.9333333333333336,32.53,97.59,883.462,663991.4400000001,44,8,4
174.4333333,35,514,2,4338,3.8,91,22,8,4,11,2017,2856,138.47777776666666,108.0,4.066666666666666,35.955555533333325,66.43333329999999,662.8466665399999,498181.59990479995,44,8,18
185.96,35,514,2,4338,3.8,73,21,10,1,12,2017,2856,147.65333333333334,108.0,4.066666666666666,38.30666666666667,77.96000000000001,706.648,531101.76,44,8,5
199.0,35,514,2,4338,3.8,59,23,8,2,1,2018,2856,168.66666666666666,108.0,3.9333333333333336,30.333333333333343,91.0,756.1999999999999,568344.0,44,8,2
182.0,35,514,2,4338,3.8,90,20,8,2,2,2018,2856,139.4138889,108.0,4.066666666666666,42.58611110000001,74.0,691.6,519792.0,44,8,6
151.8784375,35,514,2,4338,3.8,125,22,9,1,3,2018,2856,124.98752830000001,105.6428571,4.066666666666666,26.89090919999998,46.23558039999999,577.1380624999999,433764.81749999995,44,8,32
150.1333333,35,514,2,4338,3.8,178,21,9,1,4,2018,2856,120.26065276666667,105.0,4.066666666666666,29.872680533333337,45.133333300000004,570.50666654,428780.7999048,44,8,9
132.53125,35,514,2,4338,3.8,260,23,8,3,5,2018,2856,113.77459113333333,103.7925234,4.066666666666666,18.75665886666667,28.738726600000007,503.61875,378509.25,44,8,32
138.22,35,514,2,4338,3.8,93,21,9,0,6,2018,2856,120.74000000000001,105.0,4.066666666666666,17.47999999999999,33.22,525.236,394756.32,44,8,15
155.0,35,514,2,4338,3.8,122,22,9,1,7,2018,2856,126.12121213333334,105.0,4.066666666666666,28.878787866666656,50.0,589.0,442680.0,44,8,2
145.5509091,35,514,2,4338,3.8,61,23,8,1,8,2018,2856,120.85030303333333,105.0,4.066666666666666,24.70060606666668,40.55090910000001,553.0934545800001,415693.39638960006,44,8,11
109.9,33,256,1,180,3.5,36,22,8,4,11,2017,2210,123.26333333333332,109.9,3.733333333333333,-13.363333333333316,0.0,384.65000000000003,242879.0,6,1,1
109.9,33,256,1,180,3.5,35,21,10,1,12,2017,2210,123.26333333333332,109.9,3.733333333333333,-13.363333333333316,0.0,384.65000000000003,242879.0,6,1,12
97.6425,33,256,1,180,3.5,152,23,8,2,1,2018,2210,134.8361323,97.6425,4.0,-37.193632300000004,0.0,341.74875,215789.925,6,1,29
78.7122807,33,256,1,180,3.5,202,20,8,2,2,2018,2210,125.87076023333333,78.7122807,4.0,-47.158479533333335,0.0,275.49298245,173954.14034699998,6,1,71
81.02391304,33,256,1,180,3.5,127,22,9,1,3,2018,2210,122.35559004666668,81.02391304,4.0,-41.33167700666668,0.0,283.58369564,179062.84781839998,6,1,27
80.66666667,33,256,1,180,3.5,107,21,9,1,4,2018,2210,117.16324785666666,80.66666667,4.0,-36.49658118666666,0.0,282.33333334499997,178273.3333407,6,1,13
79.8,33,256,1,180,3.5,78,23,8,3,5,2018,2210,116.23333333333333,79.8,4.0,-36.43333333333334,0.0,279.3,176358.0,6,1,11
78.9,33,256,1,180,3.5,66,21,9,0,6,2018,2210,114.43038459999998,78.9,4.0,-35.53038459999998,0.0,276.15000000000003,174369.0,6,1,10
77.9,33,256,1,180,3.5,43,22,9,1,7,2018,2210,115.92999999999999,77.9,4.0,-38.02999999999999,0.0,272.65000000000003,172159.0,6,1,7
77.9,33,256,1,180,3.5,18,23,8,1,8,2018,2210,115.92999999999999,77.9,4.0,-38.02999999999999,0.0,272.65000000000003,172159.0,6,1,2
45.9,38,735,5,800,4.2,50,22,9,2,10,2017,8000,60.583333333333336,45.9,4.033333333333333,-14.683333333333337,0.0,192.78,367200.0,3,0,29
44.15444444,38,735,5,800,4.2,97,22,8,4,11,2017,8000,58.19542087333334,40.53181818,4.033333333333333,-14.040976433333341,3.622626259999997,185.448666648,353235.55552,3,0,32
45.9,38,735,5,800,4.2,41,21,10,1,12,2017,8000,58.12607843000001,39.99,4.033333333333333,-12.226078430000008,5.909999999999997,192.78,367200.0,3,0,12
45.9,38,735,5,800,4.2,62,23,8,2,1,2018,8000,57.59666666666667,39.99,4.033333333333333,-11.696666666666673,5.909999999999997,192.78,367200.0,3,0,19
45.9,38,735,5,800,4.2,62,20,8,2,2,2018,8000,57.59666666666667,39.99,4.033333333333333,-11.696666666666673,5.909999999999997,192.78,367200.0,3,0,16
47.9,38,735,5,800,4.2,43,22,9,1,3,2018,8000,58.26333333333334,39.99,4.033333333333333,-10.363333333333344,7.909999999999997,201.18,383200.0,3,0,8
47.9,38,735,5,800,4.2,34,21,9,1,4,2018,8000,57.645,39.99,4.033333333333333,-9.745000000000005,7.909999999999997,201.18,383200.0,3,0,7
47.9,38,735,5,800,4.2,57,23,8,3,5,2018,8000,57.17987179333334,39.99,4.033333333333333,-9.279871793333342,7.909999999999997,201.18,383200.0,3,0,2
47.9,38,735,5,800,4.2,43,21,9,0,6,2018,8000,55.93000000000001,39.99,4.033333333333333,-8.030000000000008,7.909999999999997,201.18,383200.0,3,0,4
47.9,38,735,5,800,4.2,26,22,9,1,7,2018,8000,55.27444444333333,39.99,4.033333333333333,-7.374444443333331,7.909999999999997,201.18,383200.0,3,0,2
215.0,56,162,5,9750,4.4,57,23,8,1,5,2017,12600,116.94999999999999,45.95,4.1000000000000005,98.05000000000001,169.05,946.0000000000001,2709000.0,4,0,1
209.0,56,162,5,9750,4.4,61,22,8,1,6,2017,12600,114.94999999999999,45.95,4.1000000000000005,94.05000000000001,163.05,919.6,2633400.0,4,0,10
205.0,56,162,5,9750,4.4,123,21,10,1,7,2017,12600,113.61666666666666,45.95,4.1000000000000005,91.38333333333334,159.05,902.0000000000001,2583000.0,4,0,59
199.5098039,56,162,5,9750,4.4,90,23,8,1,8,2017,12600,111.78660130000002,45.95,4.1000000000000005,87.7232026,153.55980390000002,877.8431371600001,2513823.52914,4,0,52
163.3987097,56,162,5,9750,4.4,54,21,9,1,9,2017,12600,99.7495699,45.95,4.1000000000000005,63.649139800000015,117.44870970000001,718.9543226800001,2058823.7422200001,4,0,32
